1,175,ips3_15_ian8,6783001TUL,20260724,071956,F,0,1,,FFPFFPPPPPNN,1,F,3,20260724,071946,0,,,0,0

 390, RU27,  200.000K ,    9.500K ,  80.0,  80.0, 2, R, 454, 735, A1, 19.0784706K , 1
 481, PC7910,   100.00nF,    90.00nF,  80.0,  80.0, 0, C, 654, 759, A1, 0.1195433nF, 1
 564, PC1100,     1.00uF,    24.10uF,  80.0,  80.0, 0, C, 654, 613, A1, 0.0116806uF, 1
 1357, PR1101,    1.000  ,    1.000  ,  10.0,  10.0, 0, J, 798, 613, A1, 4.0000000  , 1
 1447, RK525,    1.000  ,    1.000  ,  10.0,  10.0, 0, J, 756, 762, A1, 4.0000000  , 1
 1451, RK516,    1.000  ,    1.000  ,  10.0,  10.0, 0, J, 774, 760, A1, 4.0000000  , 1
 1481, RE149,   100.00K ,   101.00K ,  80.0,  80.0, 2, R, 259, 683, A1, 165167.1994360K , 1
 1562, RE40,   100.00K ,   100.00K ,  80.0,  80.0, 2, R, 259, 629, A1, 50050.6661029K , 1
 1619, RK515,    10.00K ,    10.00K ,  20.0,  20.0, 2, R, 89, 761, A1, 2145.0280077K , 1
 2247, UC1_478_38,    0.513V ,    0.814V ,  59.0,  75.0, 2, U, 755, 840, A1, 2.1578967V , 1
 2249, UC1_495_38,    0.890V ,    0.890V ,  46.0,  77.0, 2, U, 749, 840, A1, 2.2329040V , 1
 2269, UC1_613_38,    0.926V ,    0.926V ,  40.0,  78.0, 2, U, 751, 840, A1, 2.2677021V , 1
 2277, UC1_655_38,    0.926V ,    1.012V ,  28.0,  80.0, 2, U, 748, 840, A1, 2.3507013V , 1
 2472, UC1_478_40,    0.506V ,    0.771V ,  68.0,  74.0, 2, U, 755, 184, A1, 2.1122762V , 1
 2474, UC1_495_40,    0.881V ,    0.881V ,  47.0,  77.0, 2, U, 749, 184, A1, 2.2181689V , 1
 2492, UC1_613_40,    0.918V ,    0.918V ,  41.0,  78.0, 2, U, 751, 184, A1, 2.2630401V , 1
 2500, UC1_655_40,    0.915V ,    0.915V ,  42.0,  78.0, 2, U, 748, 184, A1, 2.2527172V , 1

Open < 745> <  71  745 > -> <745>-USB20_4_N Parts:UC1.808; <71>-USB20_4_CON_N Parts:JFP1.2
Open < 759> <  82  759 > -> <759>-+1.2V_EN Parts:PR7907-NP; <82>-+1.2V_VCCQ_EN Parts:PR7907-NP
Open < 684> <  92  684 > -> <684>-ECLPM_BREAK Parts:RE44-NP; <92>-CPU_ECLPM_BREAK Parts:UC1.890
Open < 680> <  96  680 > -> <680>-EC_SCI_R_N Parts:RE36-NP; <96>-EC_SCI_N Parts:UC1.888
Open < 758> < 104  217  453  664  758  813  822  825  831 > -> <758>-+1.2V_VCCQ_VIN Parts:PR7915-NP; <104>-+VCCPGPPR_3P3_1P8 Parts:UC1.643
Open < 630> < 204  630 > -> <630>-EC_USM_3V_5VALW Parts:RE128-NP; <204>-EC_USM Parts:RE128-NP
Open < 683> < 235  683 > -> <683>-EC_LAN_WAKE_R_N Parts:RE147-NP; <235>-EC_LAN_WAKE_N Parts:RE147-NP
Open < 628> < 266  628 > -> <628>-ACIN_N Parts:RE91-NP; <266>-ACIN Parts:PR5439-NP-NC
Open < 658> < 627  658 > -> <658>-EC_SMB_CK0 Parts:RE116-NP; <627>-EC_SMB_CK0_R Parts:RE116-NP
Open < 807> < 629  807 > -> <807>-EC_ON_PCH Parts:RE34-NP; <629>-EC_ON_PCH_R Parts:RE34-NP
Open < 681> < 642  681 > -> <681>-EC_ESPI_CLK Parts:RE27-NP; <642>-CPU_ESPI_CLK_R Parts:RE27-NP
Open < 776> < 747  776 > -> <776>-PCIE3_SSD_UFS_RXA1_N Parts:UC1.658; <747>-PCIE3_UFS_RXA1_N Parts:RK506
