1,5,ips5_14_agp11_AMD,678300055H,20260714,100124,F,1,1,,FFPFFPPPPPNN,1,F,3,20260714,100113,0,,,0,0

 2005, R1012-NP,    1.000  ,    1.000  ,  10.0,  10.0, 0, J, 600, 601, A1, 4.0000000  , 1
 2330, Q8006_1_SG/R8027,    0.700V ,    1.000V ,  30.0,  30.0, 3, Q, 260, 264, A1, 1.9328326V , 1
 2727, UU1_807_1,    0.556V ,    0.556V ,  90.0,  64.0, 2, U, 435, 600, A1, 1.8993254V , 1
 2802, UU1_807_40,    0.683V ,    0.683V ,  90.0,  70.0, 2, U, 600, 172, A1, 2.0264465V , 1
 2845, J8001_2_1,    1.013V ,    1.013V ,  28.0,  80.0, 2, U, 435, 405, A1, 2.3462891V , 1
 2846, J8001_3_1,    1.024V ,    1.024V ,  26.0,  80.0, 2, U, 435, 406, A1, 2.3580272V , 1
 2847, J8001_4_1,    1.018V ,    1.018V ,  27.0,  80.0, 2, U, 435, 404, A1, 2.3342180V , 1
 2848, J8001_5_1,    1.015V ,    1.015V ,  28.0,  80.0, 2, U, 435, 402, A1, 2.3302220V , 1

Open < 601> < 600  601 > -> <601>-INT_CLKREQ__S5 Parts:R1012-NP; <600>-APU_AGPIO31 Parts:R1012-NP
