1,507,V14_GEN4_AMN,6783000VXX,20260713,145042,F,1,1,,PPFPPPPPPPNN,1,F,0,20260713,145031,0,,,0,0


Short <  49   93  164  165  166  168  169  170  223  453  592 >-CHG_ACP -> Parts:PU5301.2 < 185 >-USBC0_RX2_N -> Parts:UC1.511 < 115  191 >-USB20_5_CON_P -> Parts:JEDP1.20 < 185 >-USBC0_RX2_N -> Parts:UC1.511 < 128  129  130  133  506 >-CHG_SRP_R -> Parts:PC5322 < 185 >-USBC0_RX2_N -> Parts:UC1.511
Short < 131>-CHG_BATDRV_R -> Parts:PR5327 < 185 >-USBC0_RX2_N -> Parts:UC1.511
Short < 132>-CHG_TB# -> Parts:PU5301.16 < 185 >-USBC0_RX2_N -> Parts:UC1.511 < 134  229  274  278  630 >-VR_HOT_N -> Parts:PU5301.10 < 185 >-USBC0_RX2_N -> Parts:UC1.511
Short < 135>-BATT_TEMP -> Parts:PU5301.15 < 185 >-USBC0_RX2_N -> Parts:UC1.511
Short < 136>-EC_SMB_DA1 -> Parts:UE1.15 < 185 >-USBC0_RX2_N -> Parts:UC1.511
Short < 137>-EC_ON_3VALW -> Parts:PR5901 < 185 >-USBC0_RX2_N -> Parts:UC1.511 < 138  646 >-EC_ON_5VALW_R -> Parts:PR5603 < 185 >-USBC0_RX2_N -> Parts:UC1.511
Short < 140>-EC_USM_5VALW -> Parts:RE141 < 185 >-USBC0_RX2_N -> Parts:UC1.511 < 141  142  198  398 >-P_+3VALW_LX_S -> Parts:PU5901.16 < 185 >-USBC0_RX2_N -> Parts:UC1.511 < 143  449  451  470  477  495  581  621 >-+5VALW_P -> Parts:PU5601.8 < 185 >-USBC0_RX2_N -> Parts:UC1.511 < 144  145  162  163  167  178  192  221  222  228  250  256  257  496  584  586 >-EC_AGND -> Parts:UE1.50 < 185 >-USBC0_RX2_N -> Parts:UC1.511
Short < 146>-SUSP_N -> Parts:UE1.42 < 185 >-USBC0_RX2_N -> Parts:UC1.511
Short < 147>-EC_ENBKL -> Parts:UC2.4 < 185 >-USBC0_RX2_N -> Parts:UC1.511 < 149  158  337  396  489  498 >-+3VS -> Parts:UV1.5 < 185 >-USBC0_RX2_N -> Parts:UC1.511
