1,243,ips3_15_ian8,6783001T8C,20260723,122843,F,0,1,,FFPFPPPPPPNN,1,F,3,20260723,122834,0,,,0,0

 2, H12_SWP,    1.000  ,    1.000  ,  10.0,  10.0, 0, J, 555, 553, A1, 4.0000000  , 1
 4, H13_SWP,    1.000  ,    1.000  ,  10.0,  10.0, 0, J, 556, 553, A1, 4.0000000  , 1
 5, H14_SWP,    1.000  ,    1.000  ,  10.0,  10.0, 0, J, 557, 553, A1, 4.0000000  , 1
 7, JHDMI1_SWP,    1.000  ,    1.000  ,  10.0,  10.0, 0, J, 560, 553, A1, 4.0000000  , 1

Open < 555> < 553  554  555  556  557  558  559  560  561  562  563  564  565 > -> <555>- Parts:H12_SWP; <553>- Parts:JDCIN1_SWP
Open < 556> < 553  554  555  556  557  558  559  560  561  562  563  564  565 > -> <556>- Parts:H13_SWP; <553>- Parts:JDCIN1_SWP
Open < 557> < 553  554  555  556  557  558  559  560  561  562  563  564  565 > -> <557>- Parts:H14_SWP; <553>- Parts:JDCIN1_SWP
Open < 560> < 553  554  555  556  557  558  559  560  561  562  563  564  565 > -> <560>- Parts:JHDMI1_SWP; <553>- Parts:JDCIN1_SWP
