1,15,N30S5_i3,6783000RUZ,20260713,100232,F,0,1,,FFPFFPPPPPNN,1,F,0,20260713,100225,0,,,0,0

 107, PR671,    1.000  ,    1.000  ,  10.0,  10.0, 0, J, 731, 429, A1, 4.0000000  , 1
 220, LL3,    1.000  ,    1.000  ,  10.0,  10.0, 0, J, 244, 245, A1, 4.0000000  , 1
 251, LR14,   249.00  ,   249.00  ,  30.0,  30.0, 2, R, 363, 364, A1, 81390.6377736  , 1
 361, SR323,    33.00  ,    33.00  ,  30.0,  30.0, 2, R, 99, 88, A1, 12331.4377736  , 1
 370, SR101,    4.700K ,    4.700K ,  30.0,  30.0, 2, R, 407, 993, A1, 3699.5994378K , 1
 379, RER3,   200.00K ,   130.00K ,  30.0,  30.0, 3, R, 818, 429, A1, 178.0825357K , 1
 380, RER5,   200.00K ,   130.00K ,  30.0,  30.0, 3, R, 819, 429, A1, 180.1983104K , 1
 451, RER4,   200.00K ,   135.00K ,  30.0,  30.0, 1, R, 817, 429, A1, 186.7894409K , 1
 517, PR1124,   102.00K ,    33.02K ,  30.0,  30.0, 2, R, 452, 455, A1, 5285.1422949K , 1
 611, PR655,   100.00K ,   100.00K ,  90.0,  90.0, 2, R, 1058, 114, A1, 24663.9994378K , 1
 620, PR666,    90.90K ,    90.90K ,  30.0,  30.0, 2, R, 429, 115, A1, 24663.9994378K , 1
 625, PR651,    1.000  ,    1.000  ,  10.0,  10.0, 0, J, 730, 729, A1, 4.0000000  , 1
 644, PR106,    1.000K ,    1.000K ,  30.0,  30.0, 2, R, 1, 125, A1, 813.9114378K , 1
 645, PR103,    1.000K ,    1.000K ,  30.0,  30.0, 2, R, 153, 125, A1, 813.9114378K , 1
 648, PR135,    52.30K ,    52.30K ,  80.0,  80.0, 2, R, 122, 121, A1, 36995.9994378K , 1
 651, PC100,    10.00nF,    10.00nF,  30.0,  30.0, 0, C, 168, 429, A1, 0.1294099nF, 1
 663, PR133,    21.00K ,    21.00K ,  30.0,  30.0, 2, R, 124, 164, A1, 24417.3594378K , 1
 674, HR246,    1.000  ,    1.000  ,  10.0,  10.0, 0, J, 118, 1253, A1, 4.0000000  , 1
 675, HR243,    56.00  ,    56.00  ,  30.0,  30.0, 2, R, 5, 118, A1, 24663.4377736  , 1
 687, PC109,    1.000nF,    2.710nF,  30.0,  30.0, 2, C, 164, 429, A1, 0.2338898nF, 1
 899, HR164,    1.000  ,    1.000  ,  10.0,  10.0, 0, J, 598, 580, A1, 4.0000000  , 1
 902, HR163,    10.00K ,    10.00K ,  90.0,  90.0, 2, R, 571, 580, A1, 2466.3994378K , 1
 918, VR553,    22.00  ,    22.00  ,  30.0,  30.0, 2, R, 262, 276, A1, 12331.4377736  , 1
 925, XR309,    39.00  ,    39.00  ,  30.0,  30.0, 2, R, 1064, 1010, A1, 24663.4377736  , 1
 954, HR227,    47.00  ,    47.00  ,  80.0,  80.0, 2, R, 17, 12, A1, 24663.4377736  , 1
 1039, HR245,    1.000  ,    1.000  ,  10.0,  10.0, 0, J, 1252, 119, A1, 4.0000000  , 1
 1077, PR1000,    2.200K ,    2.200K ,  30.0,  30.0, 2, R, 19, 924, A1, 610.4334378K , 1
 1131, HR257,    1.000K ,    1.000K ,  30.0,  30.0, 2, R, 5, 553, A1, 813.9114378K , 1
 1136, PR124,    45.30  ,    45.30  ,  30.0,  30.0, 2, R, 5, 119, A1, 24663.4377736  , 1
 1152, HR233,    1.000K ,    0.800K ,  60.0,  60.0, 2, R, 5, 1048, A1, 246.6394378K , 1
 1167, HR174,    1.000K ,    1.000K ,  80.0,  80.0, 2, R, 565, 571, A1, 813.9114378K , 1
 1222, HR206,    1.000  ,    1.000  ,  10.0,  10.0, 0, J, 560, 554, A1, 4.0000000  , 1
 1253, HR220,    1.000  ,    1.000  ,  10.0,  10.0, 0, J, 514, 626, A1, 4.0000000  , 1
 1341, AR90,    1.000K ,    1.000K ,  30.0,  30.0, 2, R, 944, 942, A1, 813.9114378K , 1
 1397, AC23,    10.00uF,    10.00uF,  30.0,  30.0, 11, C, 878, 777, A1, 0.0029525uF, 1
 1448, VR404,    4.700K ,    4.700K ,  30.0,  30.0, 2, R, 198, 429, A1, 7399.1994378K , 1
 1494, AC18,    2.200uF,    1.500uF,  50.0,  50.0, 0, C, 881, 880, A1, 0.0004042uF, 1
 1564, AC19,   10.000uF,    7.000uF,  30.0,  30.0, 0, C, 890, 429, A1, 0.0075620uF, 1
 1870, VR512,    2.200K ,    2.200K ,  30.0,  30.0, 2, R, 381, 383, A1, 813.9114378K , 1
 2011, HR202,    1.000K ,    1.000K ,  80.0,  80.0, 2, R, 586, 429, A1, 488.3466378K , 1
 2383, SU1_79_6,    0.633V ,    0.633V ,  90.0,  68.0, 24, U, 429, 407, B2, 1.7212165V , 1
 2409, SU1_107_6,    0.716V ,    0.716V ,  81.0,  72.0, 24, U, 429, 88, B2, 1.9373716V , 1
 2422, SU1_120_6/,    0.718V ,    0.718V ,  81.0,  72.0, 24, U, 429, 1094, B2, 2.0460827V , 1
 2583, AU1_4_49,    0.659V ,    0.659V ,  90.0,  69.0, 24, U, 429, 944, B2, 1.9997094V , 1
 2586, AU1_8_49,    0.644V ,    0.644V ,  90.0,  68.0, 24, U, 429, 945, B2, 1.9851808V , 1
 2599, AU1_36_49,    0.556V ,    0.556V ,  90.0,  64.0, 24, U, 429, 881, B2, 1.8991918V , 1
 2603, AU1_2_1,    0.700V ,    0.700V ,  85.0,  71.0, 24, U, 950, 942, B2, 2.0442244V , 1
 2604, AU1_4_1,    0.670V ,    0.670V ,  90.0,  70.0, 24, U, 944, 942, B2, 2.0159274V , 1
 2605, AU1_5_1,    1.226V ,    1.226V ,  20.0,  83.0, 24, U, 971, 942, B2, 2.5713084V , 1
 2606, AU1_6_1,    0.558V ,    0.558V ,  90.0,  64.0, 24, U, 491, 942, B2, 1.9022327V , 1
 2607, AU1_8_1,    0.551V ,    0.551V ,  90.0,  63.0, 24, U, 945, 942, B2, 1.8987695V , 1
 2608, AU1_10_1,    0.680V ,    0.680V ,  90.0,  70.0, 24, U, 504, 942, B2, 2.0248811V , 1
 2610, AU1_13_1,    0.699V ,    0.699V ,  85.0,  71.0, 24, U, 781, 942, B2, 2.0439710V , 1
 2611, AU1_18_1,    0.700V ,    0.700V ,  85.0,  71.0, 24, U, 781, 942, B2, 2.0442244V , 1
 2615, AU1_40_1,    0.643V ,    0.643V ,  90.0,  68.0, 24, U, 932, 942, B2, 1.9903334V , 1
 2616, AU1_44_1,    0.949V ,    0.968V ,  34.0,  79.0, 24, U, 935, 942, B2, 2.3120743V , 1
 2627, PU100_17_49,    0.427V ,    0.427V ,  90.0,  53.0, 24, U, 429, 125, B2, 1.7707995V , 1
 2628, PU100_18_49,    0.430V ,    0.430V ,  90.0,  53.0, 24, U, 429, 164, B2, 1.7749385V , 1
 2629, PU100_19_49,    0.430V ,    0.430V ,  90.0,  53.0, 24, U, 429, 121, B2, 1.7751919V , 1
 2643, PU100_14_46/,    0.609V ,    0.609V ,  90.0,  67.0, 24, U, 170, 168, B2, 1.9549411V , 1
 2647, PU100_38_46/,    0.601V ,    0.601V ,  90.0,  66.0, 24, U, 163, 168, B2, 1.9457340V , 1
 2648, PU100_44_46,    1.276V ,    1.078V ,  20.0,  81.0, 24, U, 154, 168, B2, 2.4249243V , 1
 2649, PU100_45_46/,    0.602V ,    0.602V ,  90.0,  66.0, 24, U, 165, 168, B2, 1.9470010V , 1
 2663, VU501_24_41,    0.718V ,    0.718V ,  80.0,  72.0, 24, U, 429, 279, B2, 2.0639900V , 1
 2664, VU501_25_41,    0.720V ,    0.720V ,  80.0,  72.0, 24, U, 429, 277, B2, 2.0638211V , 1
 2667, VU501_29_41,    0.683V ,    0.683V ,  90.0,  70.0, 24, U, 429, 276, B2, 2.0302026V , 1
 2690, VU501_29_21,    1.017V ,    1.017V ,  27.0,  80.0, 24, U, 276, 274, B2, 2.3637691V , 1
 2700, XMM1_41_9/,    0.800V ,    0.800V ,  62.0,  75.0, 24, U, 429, 1074, A1, 2.1471916V , 1
 2702, XMM1_80_9,    0.373V ,    0.373V ,  90.0,  46.0, 24, U, 429, 598, A1, 1.7177533V , 1
 2708, XMM1_134_9,    1.049V ,    1.049V ,  23.0,  80.0, 24, U, 429, 19, A1, 2.3967118V , 1
 2712, XMM1_221_9,    0.373V ,    0.373V ,  90.0,  46.0, 24, U, 429, 580, A1, 1.7180911V , 1
 2720, XMM1_41_1/,    1.008V ,    1.008V ,  28.0,  80.0, 24, U, 1074, 1114, A1, 2.3537173V , 1
 2721, XMM1_80_1,    0.815V ,    0.466V ,  90.0,  57.0, 24, U, 598, 1114, A1, 1.8114289V , 1
 2730, XMM1_221_1,    0.840V ,    0.840V ,  54.0,  76.0, 24, U, 580, 1114, A1, 2.1870608V , 1
 2744, XMM2_134_9,    0.366V ,    0.366V ,  90.0,  45.0, 24, U, 429, 586, A1, 1.7126852V , 1
 2769, XMM2_134_1,    0.696V ,    0.696V ,  86.0,  71.0, 24, U, 586, 1114, A1, 2.0457448V , 1
 2843, XJ300_26_1,    0.953V ,    0.702V ,  85.0,  71.0, 24, U, 1010, 429, A1, 2.0502216V , 1
 2890, REU1_14_3,    0.731V ,    0.731V ,  77.0,  72.0, 24, U, 429, 855, A1, 2.0791099V , 1
 2904, REU1_28_13,    0.696V ,    0.696V ,  86.0,  71.0, 24, U, 1300, 854, A1, 2.0457448V , 1
 2908, XJ500_17_1,    0.478V ,    0.478V ,  90.0,  58.0, 24, U, 429, 761, A1, 1.8252818V , 1
 2919, XJ500_60_1,    0.985V ,    0.985V ,  32.0,  79.0, 24, U, 429, 747, A1, 2.3327691V , 1
 2923, XJ500_17_2,    0.982V ,    0.982V ,  32.0,  79.0, 24, U, 761, 1132, A1, 2.3293903V , 1
 2934, XJ500_60_2,    1.011V ,    1.011V ,  28.0,  80.0, 24, U, 747, 1132, A1, 2.3588699V , 1

Open < 942> <  34   52  266  274  384  778  942  943 1132 > -> <942>-+3V3_DVDD Parts:AU1.1; <34>-+3V3_PCIEX16 Parts:XJ1.92
Open < 854> <  44   60  240  432  435  854 1021 1058 > -> <854>-+3V3_S5_DRV Parts:REU1.34; <44>-m0039 Parts:XJ1.94
Open < 439> < 114  439 > -> <439>-m0207 Parts:PR665-NP; <114>-m0091 Parts:PR655
Open < 731> < 117  124  163  165  167  170  173  321  324  429  450  573  723  731  770  774  776  777  786  787  789  791  795  829  830  831  832 1000 1025 1116 1117 > -> <731>-m0009 Parts:PR671; <117>-+VCCGT
Open <1253> < 118 1253 > -> <1253>-VIDALERT_ Parts:HR246; <118>-m0118 Parts:XMM2.83
Open <1252> < 119 1252 > -> <1252>-VIDSCK Parts:HR245; <119>-SVID_CLK_CPU Parts:PR125-NC
Open < 746> < 159  405  746 > -> <746>-m0008 Parts:SR115-NP; <159>-m0107 Parts:XMM1.127
Open < 437> < 184  187  437 1123 > -> <437>-m0169 Parts:PR1146-NP; <184>-VCORE_EN_G2 Parts:PR1001-NP
Open < 745> < 198  745 > -> <745>-DDSP_HPDA Parts:VR405-NP; <198>-DP2VGA_HPD Parts:VR405-NP
Open < 245> < 244  245  371  373 > -> <245>-+LAN_CORE_VDD Parts:LU1.37; <244>-+1_0V_LAN_CTRL Parts:LU1.7
Open <1022> < 457 1022 > -> <1022>-CNV_BRI_DT_R Parts:XJ300.28; <457>-CNV_BRI_DT Parts:HR295-NP
Open < 626> < 514  626 > -> <626>-SYS_PWROK Parts:HR220; <514>-PWRGD_170MS Parts:R112-NP
