1,17,N30S5_i3,6783000RUE,20260713,101106,F,0,1,,FFPFFPPPPPNN,1,F,0,20260713,101059,0,,,0,0

 1, J101_SWP,    1.000  ,    1.000  ,  10.0,  10.0, 2, J, 1318, 1334, A1, 4.0000000  , 1
 2, J120_SWP,    1.000  ,    1.000  ,  10.0,  10.0, 2, J, 1317, 1334, A1, 4.0000000  , 1
 3, J500_SWP,    1.000  ,    1.000  ,  10.0,  10.0, 2, J, 1309, 1334, A1, 4.0000000  , 1
 4, AJ2_SWP,    1.000  ,    1.000  ,  10.0,  10.0, 2, J, 1315, 1334, A1, 4.0000000  , 1
 5, AJ3_SWP,    1.000  ,    1.000  ,  10.0,  10.0, 2, J, 1314, 1334, A1, 4.0000000  , 1
 6, CR18_SWP,    1.000  ,    1.000  ,  10.0,  10.0, 2, J, 1313, 1334, A1, 4.0000000  , 1
 7, AP1_SWP,    1.000  ,    1.000  ,  10.0,  10.0, 2, J, 1312, 1334, A1, 4.0000000  , 1
 8, BZ350_SWP,    1.000  ,    1.000  ,  10.0,  10.0, 2, J, 1311, 1334, A1, 4.0000000  , 1
 9, XBT300_SWP,    1.000  ,    1.000  ,  10.0,  10.0, 2, J, 1310, 1334, A1, 4.0000000  , 1
 10, J500_SWP,    1.000  ,    1.000  ,  10.0,  10.0, 2, J, 1316, 1334, A1, 4.0000000  , 1
 11, J301_SWP,    1.000  ,    1.000  ,  10.0,  10.0, 2, J, 1333, 1334, A1, 4.0000000  , 1
 12, AJ1_SWP,    1.000  ,    1.000  ,  10.0,  10.0, 2, J, 1332, 1334, A1, 4.0000000  , 1
 13, VJ500_SWP,    1.000  ,    1.000  ,  10.0,  10.0, 2, J, 1331, 1334, A1, 4.0000000  , 1
 14, VJ400_SWP,    1.000  ,    1.000  ,  10.0,  10.0, 2, J, 1330, 1334, A1, 4.0000000  , 1
 15, J150_SWP,    1.000  ,    1.000  ,  10.0,  10.0, 2, J, 1329, 1334, A1, 4.0000000  , 1
 16, LJ1_SWP,    1.000  ,    1.000  ,  10.0,  10.0, 2, J, 1328, 1334, A1, 4.0000000  , 1
 17, CN1_SWP,    1.000  ,    1.000  ,  10.0,  10.0, 2, J, 1324, 1334, A1, 4.0000000  , 1
 18, CN3_SWP,    1.000  ,    1.000  ,  10.0,  10.0, 2, J, 1325, 1334, A1, 4.0000000  , 1
 19, CN2_SWP,    1.000  ,    1.000  ,  10.0,  10.0, 2, J, 1323, 1334, A1, 4.0000000  , 1
 20, XNUT30_SWP,    1.000  ,    1.000  ,  10.0,  10.0, 2, J, 1321, 1334, A1, 4.0000000  , 1
 21, XNUT50_SWP,    1.000  ,    1.000  ,  10.0,  10.0, 2, J, 1322, 1334, A1, 4.0000000  , 1
 22, HY100_SWP,    1.000  ,    1.000  ,  10.0,  10.0, 2, J, 1326, 1334, A1, 4.0000000  , 1
 23, J6_SWP,    1.000  ,    1.000  ,  10.0,  10.0, 2, J, 1327, 1334, A1, 4.0000000  , 1
 24, XNUT40_SWP,    1.000  ,    1.000  ,  10.0,  10.0, 2, J, 1319, 1334, A1, 4.0000000  , 1
 25, J300_SWP,    1.000  ,    1.000  ,  10.0,  10.0, 2, J, 1320, 1334, A1, 4.0000000  , 1
 29, HR303,    10.00K ,    10.00K ,  30.0,  30.0, 2, R, 969, 1058, A1, 2466.3994378K , 1
 43, LR1,    10.00K ,    10.00K ,  30.0,  30.0, 2, R, 253, 1058, A1, 2466.3994378K , 1
 45, HR341,    10.00K ,    10.00K ,  30.0,  30.0, 2, R, 1265, 1058, A1, 2466.3994378K , 1
 79, HR335,    10.00K ,    10.00K ,  30.0,  30.0, 2, R, 613, 1058, A1, 2466.3994378K , 1
 91, HR330,    1.000  ,    1.000  ,  10.0,  10.0, 0, J, 539, 1257, A1, 4.0000000  , 1
 93, HR328,    1.000  ,    1.000  ,  10.0,  10.0, 0, J, 532, 631, A1, 4.0000000  , 1
 102, HR339,    10.00K ,    10.00K ,  30.0,  30.0, 2, R, 632, 1058, A1, 2466.3994378K , 1
 103, HR333,    10.00K ,    10.00K ,  30.0,  30.0, 2, R, 460, 1058, A1, 2466.3994378K , 1
 104, HR337,    10.00K ,    10.00K ,  30.0,  30.0, 2, R, 459, 1058, A1, 2466.3994378K , 1
 107, PR671,    1.000  ,    1.000  ,  10.0,  10.0, 0, J, 731, 429, A1, 4.0000000  , 1
 110, HR224,    1.000M ,    1.000M ,  30.0,  30.0, 2, R, 388, 503, A1, 1220.8679994M , 1
 112, PR486,    1.000K ,    1.000K ,  30.0,  30.0, 2, R, 1112, 1110, A1, 813.9114378K , 1
 120, SR109,    33.00  ,    33.00  ,  30.0,  30.0, 2, R, 638, 1169, A1, 12331.4377736  , 1
 122, SR8,    33.00  ,    33.00  ,  30.0,  30.0, 2, R, 917, 1169, A1, 12331.4377736  , 1
 125, HR118,    4.700K ,    4.700K ,  30.0,  30.0, 2, R, 635, 1058, A1, 2466.3994378K , 1
 126, HR116,    4.700K ,    4.700K ,  30.0,  30.0, 2, R, 634, 1058, A1, 2466.3994378K , 1
 129, D254,    1.076V ,    0.410V ,  30.0,  30.0, 0, D, 934, 536, A1, 1.7574535V , 1
 133, AR20,    1.000  ,    1.000  ,  10.0,  10.0, 0, J, 830, 429, A1, 4.0000000  , 1
 134, AR21,    1.000  ,    1.000  ,  10.0,  10.0, 0, J, 787, 429, A1, 4.0000000  , 1
 135, AR7,    1.000  ,    1.000  ,  10.0,  10.0, 0, J, 832, 429, A1, 4.0000000  , 1
 136, AR19,    1.000  ,    1.000  ,  10.0,  10.0, 0, J, 795, 429, A1, 4.0000000  , 1
 137, AC31,    1.000nF,    1.510nF,  30.0,  30.0, 1, C, 901, 429, A1, 0.0000000nF, 1
 138, AR3,    1.000  ,    1.000  ,  10.0,  10.0, 0, J, 901, 875, A1, 4.0000000  , 1
 141, AR4,    1.000  ,    1.000  ,  10.0,  10.0, 0, J, 935, 900, A1, 4.0000000  , 1
 144, AC29,    1.000nF,    1.510nF,  30.0,  30.0, 1, C, 900, 429, A1, 0.0005788nF, 1
 148, PR1241,    1.000  ,    1.000  ,  10.0,  10.0, 0, J, 60, 1058, A1, 4.0000000  , 1
 156, PR1238,    1.000  ,    1.000  ,  10.0,  10.0, 0, J, 52, 1132, A1, 4.0000000  , 1
 157, PR1237,    1.000  ,    1.000  ,  10.0,  10.0, 0, J, 52, 1132, A1, 4.0000000  , 1
 159, PC1232,    22.00uF,   650.01uF,  80.0,  80.0, 4, C, 52, 429, A1, 99999.0000000uF, 1
 178, PR1229,    1.000  ,    1.000  ,  10.0,  10.0, 0, J, 71, 925, A1, 4.0000000  , 1
 179, PR1226,    1.000  ,    1.000  ,  10.0,  10.0, 0, J, 71, 925, A1, 4.0000000  , 1
 182, PR1227,    1.000  ,    1.000  ,  10.0,  10.0, 0, J, 71, 925, A1, 4.0000000  , 1
 218, PR1257,    1.000  ,    1.000  ,  10.0,  10.0, 0, J, 77, 925, A1, 4.0000000  , 1
 219, PR1256,    1.000  ,    1.000  ,  10.0,  10.0, 0, J, 77, 925, A1, 4.0000000  , 1
 220, LL3,    1.000  ,    1.000  ,  10.0,  10.0, 0, J, 244, 245, A1, 4.0000000  , 1
 227, LR26,    10.00K ,    10.00K ,  30.0,  30.0, 2, R, 1058, 248, A1, 2466.3994378K , 1
 241, LR49,    10.00K ,    10.00K ,  30.0,  30.0, 2, R, 429, 362, A1, 2466.3994378K , 1
 251, LR14,   249.00  ,   249.00  ,  30.0,  30.0, 2, R, 363, 364, A1, 81390.6377736  , 1
 253, LR18_1,    2.490K ,    2.490K ,  30.0,  30.0, 2, R, 236, 429, A1, 813.9114378K , 1
 258, HR280,    10.00K ,    10.00K ,  30.0,  30.0, 2, R, 497, 924, A1, 2466.3994378K , 1
 263, LR46,    10.00K ,    10.00K ,  30.0,  30.0, 2, R, 254, 924, A1, 2466.3994378K , 1
 267, LR13,    1.000K ,    1.000K ,  30.0,  30.0, 2, R, 251, 1132, A1, 813.9114378K , 1
 268, LR42,   15.000K ,    1.000K ,  30.0,  30.0, 2, R, 251, 429, A1, 813.9114378K , 1
 270, Q43,  700.000V ,    0.700V ,  30.0,  30.0, 4, Q, 869, 934, A1, 2.0006061V , 1
 273, R562,   330.00  ,   330.00  ,  30.0,  30.0, 2, R, 873, 874, A1, 81390.6377736  , 1
 293, SR324,    33.00  ,    33.00  ,  30.0,  30.0, 2, R, 86, 101, A1, 12331.4377736  , 1
 294, SC405,   150.00pF,   260.00pF,  30.0,  30.0, 2, C, 192, 429, A1, 0.0000000pF, 1
 295, SL400,    1.000  ,    1.000  ,  10.0,  10.0, 0, J, 192, 66, A1, 4.0000000  , 1
 296, SR322,    33.00  ,    33.00  ,  30.0,  30.0, 2, R, 89, 106, A1, 12331.4377736  , 1
 297, SL401,    1.000  ,    1.000  ,  10.0,  10.0, 0, J, 191, 67, A1, 4.0000000  , 1
 298, SC406,   150.00pF,   260.00pF,  30.0,  30.0, 2, C, 191, 429, A1, 0.0000000pF, 1
 299, SR317,    33.00  ,    33.00  ,  30.0,  30.0, 2, R, 93, 103, A1, 12331.4377736  , 1
 300, SL403,    1.000  ,    1.000  ,  10.0,  10.0, 0, J, 221, 65, A1, 4.0000000  , 1
 304, SR319,    33.00  ,    33.00  ,  30.0,  30.0, 2, R, 94, 104, A1, 12331.4377736  , 1
 305, SC407,   150.00pF,   260.00pF,  30.0,  30.0, 2, C, 190, 429, A1, 0.2832630pF, 1
 306, SL402,    1.000  ,    1.000  ,  10.0,  10.0, 0, J, 190, 220, A1, 4.0000000  , 1
 308, SC401,    22.00uF,    22.00uF,  80.0,  80.0, 0, C, 69, 429, A1, 0.0081069uF, 1
 314, SC304,   180.00pF,   330.00pF,  30.0,  30.0, 2, C, 713, 429, A1, 0.3497520pF, 1
 316, SR303,    2.700K ,    2.700K ,  30.0,  30.0, 2, R, 96, 713, A1, 813.9114378K , 1
 317, SC311,   180.00pF,   330.00pF,  90.0,  90.0, 1, C, 429, 105, A1, 0.9335986pF, 1
 323, SR312,    2.700K ,    2.700K ,  30.0,  30.0, 2, R, 103, 96, A1, 813.9114378K , 1
 325, SR314,    2.700K ,    2.700K ,  30.0,  30.0, 2, R, 100, 96, A1, 813.9114378K , 1
 326, SR311,    2.700K ,    2.700K ,  30.0,  30.0, 2, R, 104, 96, A1, 813.9114378K , 1
 327, SR315,    2.700K ,    2.700K ,  30.0,  30.0, 2, R, 99, 96, A1, 813.9114378K , 1
 329, SR309,    2.700K ,    2.700K ,  30.0,  30.0, 2, R, 106, 96, A1, 813.9114378K , 1
 330, SR313,    2.700K ,    2.700K ,  30.0,  30.0, 2, R, 101, 96, A1, 813.9114378K , 1
 332, SR304,    2.700K ,    2.700K ,  30.0,  30.0, 2, R, 712, 96, A1, 813.9114378K , 1
 333, SR305,    2.700K ,    2.700K ,  30.0,  30.0, 2, R, 711, 96, A1, 813.9114378K , 1
 334, SR302,    2.700K ,    2.700K ,  30.0,  30.0, 2, R, 714, 96, A1, 813.9114378K , 1
 335, SR301,    2.700K ,    2.700K ,  30.0,  30.0, 2, R, 715, 96, A1, 813.9114378K , 1
 336, SR300,    2.700K ,    2.700K ,  30.0,  30.0, 2, R, 716, 96, A1, 813.9114378K , 1
 337, SC302,   180.00pF,   330.00pF,  30.0,  30.0, 2, C, 715, 429, A1, 0.3932604pF, 1
 339, SC312,   180.00pF,   330.00pF,  30.0,  30.0, 2, C, 104, 429, A1, 0.0000000pF, 1
 340, SC314,   180.00pF,   330.00pF,  30.0,  30.0, 2, C, 101, 429, A1, 0.0000000pF, 1
 344, SC315,   180.00pF,   330.00pF,  30.0,  30.0, 2, C, 100, 429, A1, 0.0000000pF, 1
 346, SC310,   180.00pF,   330.00pF,  30.0,  30.0, 2, C, 106, 429, A1, 0.0895769pF, 1
 347, SC313,   180.00pF,   330.00pF,  30.0,  30.0, 2, C, 103, 429, A1, 0.0000000pF, 1
 350, SC303,   180.00pF,   330.00pF,  30.0,  30.0, 2, C, 714, 429, A1, 0.0000000pF, 1
 352, SC301,   180.00pF,   330.00pF,  30.0,  30.0, 2, C, 711, 429, A1, 0.6192292pF, 1
 354, SC306,   180.00pF,   330.00pF,  30.0,  30.0, 2, C, 711, 429, A1, 0.0000000pF, 1
 356, SC305,   180.00pF,   330.00pF,  30.0,  30.0, 2, C, 712, 429, A1, 0.0893975pF, 1
 360, SC316,   180.00pF,   330.00pF,  30.0,  30.0, 2, C, 99, 429, A1, 0.1969462pF, 1
 361, SR323,    33.00  ,    33.00  ,  30.0,  30.0, 2, R, 99, 88, A1, 12331.4377736  , 1
 368, SR4,    4.700K ,    4.700K ,  30.0,  30.0, 2, R, 401, 993, A1, 2466.3994378K , 1
 370, SR101,    4.700K ,    4.700K ,  30.0,  30.0, 2, R, 407, 993, A1, 2466.3994378K , 1
 372, SR87,    4.700K ,    4.700K ,  30.0,  30.0, 2, R, 470, 993, A1, 2466.3994378K , 1
 374, SR104,    4.700K ,    4.700K ,  30.0,  30.0, 2, R, 408, 993, A1, 2466.3994378K , 1
 379, RER3,   200.00K ,   130.00K ,  30.0,  30.0, 3, R, 818, 429, A1, 25240.0845365K , 1
 380, RER5,   200.00K ,   130.00K ,  30.0,  30.0, 3, R, 819, 429, A1, 22120.0013204K , 1
 381, XC101,   220.00nF,   220.00nF,  30.0,  30.0, 0, C, 57, 516, A1, 0.0824212nF, 1
 384, C514/C515/C516,     2.20uF,   120.00uF,  30.0,  30.0, 4, C, 835, 429, A1, 99999.0000000uF, 1
 386, R508,    1.000  ,    1.000  ,  10.0,  10.0, 0, J, 835, 620, A1, 4.0000000  , 1
 387, R506,    4.700K ,    4.700K ,  30.0,  30.0, 2, R, 835, 838, A1, 2466.3994378K , 1
 406, C126/R125/C127,   470.00uF,   200.00uF,  30.0,  30.0, 20, C, 813, 429, A1, 0.0022457uF, 1
 411, RER2,   200.00K ,   180.00K ,  30.0,  30.0, 2, R, 429, 816, A1, 91392.7908851K , 1
 442, SR110,    33.00  ,    33.00  ,  30.0,  30.0, 2, R, 1170, 390, A1, 12331.4377736  , 1
 451, RER4,   200.00K ,   135.00K ,  30.0,  30.0, 1, R, 817, 429, A1, 11801.0517869K , 1
 457, LC9,    30.00pF,    60.00pF,  30.0,  30.0, 2, C, 241, 429, A1, 0.0628554pF, 1
 458, LR6,    1.000  ,    1.000  ,  10.0,  10.0, 0, J, 238, 243, A1, 4.0000000  , 1
 464, XC520,    10.00pF,   400.00pF,  30.0,  30.0, 2, C, 756, 429, A1, 0.0000000pF, 1
 497, R114,    33.00  ,    33.00  ,  30.0,  30.0, 2, R, 665, 434, A1, 12331.4377736  , 1
 499, R113,    33.00  ,    33.00  ,  30.0,  30.0, 2, R, 666, 431, A1, 12331.4377736  , 1
 502, R108,    4.700K ,    4.700K ,  30.0,  30.0, 2, R, 1036, 1132, A1, 2466.3994378K , 1
 503, MR203,    33.00  ,    33.00  ,  30.0,  30.0, 2, R, 1036, 1035, A1, 12331.4377736  , 1
 504, R109,    4.700K ,    4.700K ,  30.0,  30.0, 2, R, 1037, 1132, A1, 2466.3994378K , 1
 505, MR204,    33.00  ,   114.00  ,  80.0,  80.0, 2, R, 1037, 1038, A1, 81390.6377736  , 1
 507, SR14,   100.00K ,    40.35K ,  80.0,  80.0, 1, R, 95, 429, A1, 99999.9000000K , 1
 510, SC408,   150.00pF,   280.00pF,  30.0,  30.0, 2, C, 65, 429, A1, 0.1555393pF, 1
 517, PR1124,   102.00K ,    33.02K ,  30.0,  30.0, 2, R, 452, 455, A1, 24663.9994378K , 1
 523, PR1123,    1.000  ,    1.000  ,  10.0,  10.0, 0, J, 450, 429, A1, 4.0000000  , 1
 524, PC1148,    1.000  ,    1.000  ,  10.0,  10.0, 0, J, 450, 451, A1, 4.0000000  , 1
 529, PC1153,    10.00uF,   200.00uF,  30.0,  30.0, 20, C, 453, 429, A1, 0.0020920uF, 1
 541, PL1050,    1.000  ,    1.000  ,  10.0,  10.0, 0, J, 451, 620, A1, 4.0000000  , 1
 561, PR574,   100.00K ,   100.00K ,  30.0,  30.0, 2, R, 962, 1028, A1, 24663.9994378K , 1
 566, SR19,    33.00  ,    33.00  ,  30.0,  30.0, 2, R, 1170, 1141, A1, 12331.4377736  , 1
 573, PC588/PC580,    1.000uF,    1.000uF,  30.0,  30.0, 0, C, 1031, 993, A1, 0.0002057uF, 1
 577, MR206,    10.00K ,    10.00K ,  30.0,  30.0, 2, R, 1120, 429, A1, 2466.3994378K , 1
 596, R9388,    2.200K ,    2.200K ,  30.0,  30.0, 2, R, 288, 1058, A1, 813.9114378K , 1
 597, R9418,    2.200K ,    2.200K ,  30.0,  30.0, 2, R, 285, 1058, A1, 813.9114378K , 1
 601, HR302,   470.00  ,   470.00  ,  30.0,  30.0, 2, R, 428, 425, A1, 246639.4377735  , 1
 603, MR101,    23.20K ,    23.20K ,  30.0,  30.0, 2, R, 1034, 429, A1, 24417.3594378K , 1
 611, PR655,   100.00K ,   100.00K ,  90.0,  90.0, 2, R, 1058, 114, A1, 18497.9994378K , 1
 613, PR656,   100.00K ,   100.00K ,  90.0,  90.0, 2, R, 1058, 116, A1, 18497.9994378K , 1
 615, PR668,    10.00K ,    10.00K ,  30.0,  30.0, 2, R, 718, 1058, A1, 2466.3994378K , 1
 619, PR670,    1.000  ,    1.000  ,  10.0,  10.0, 0, J, 724, 726, A1, 4.0000000  , 1
 620, PR666,    90.90K ,    90.90K ,  30.0,  30.0, 2, R, 429, 115, A1, 24663.9994378K , 1
 625, PR651,    1.000  ,    1.000  ,  10.0,  10.0, 0, J, 730, 729, A1, 4.0000000  , 1
 644, PR106,    1.000K ,    1.000K ,  30.0,  30.0, 2, R, 1, 125, A1, 813.9114378K , 1
 645, PR103,    1.000K ,    1.000K ,  30.0,  30.0, 2, R, 153, 125, A1, 813.9114378K , 1
 648, PR135,    52.30K ,    52.30K ,  80.0,  80.0, 2, R, 122, 121, A1, 24663.9994378K , 1
 651, PC100,    10.00nF,    10.00nF,  30.0,  30.0, 0, C, 168, 429, A1, 0.0137443nF, 1
 656, PR110/PC103,    49.90K ,    12.00K ,  90.0,  90.0, 2, R, 429, 154, A1, 65999999999.9994354K , 1
 661, PR137,    8.870K ,    8.870K ,  30.0,  30.0, 2, R, 120, 429, A1, 2466.3994378K , 1
 663, PR133,    21.00K ,    21.00K ,  30.0,  30.0, 2, R, 124, 164, A1, 24417.3594378K , 1
 674, HR246,    1.000  ,    1.000  ,  10.0,  10.0, 0, J, 118, 1253, A1, 4.0000000  , 1
 675, HR243,    56.00  ,    56.00  ,  30.0,  30.0, 2, R, 5, 118, A1, 24663.4377736  , 1
 678, PR121,    10.00K ,    10.00K ,  30.0,  30.0, 2, R, 160, 1058, A1, 2466.3994378K , 1
 679, PR130,   100.00  ,   241.00  ,  30.0,  30.0, 0, R, 152, 170, A1, 99999.9000000  , 1
 687, PC109,    1.000nF,    2.710nF,  30.0,  30.0, 2, C, 164, 429, A1, 0.0001701nF, 1
 690, PR128,    10.00K ,    10.00K ,  30.0,  30.0, 2, R, 156, 1132, A1, 2466.3994378K , 1
 693, PR132,  100.000  ,    3.100  ,  30.0,  30.0, 2, R, 167, 429, A1, 24653.4377736  , 1
 710, PL220,    1.000  ,    1.000  ,  10.0,  10.0, 0, J, 148, 166, A1, 4.0000000  , 1
 728, PR483,    34.00K ,    18.00K ,  30.0,  30.0, 2, R, 1113, 1110, A1, 24417.3594378K , 1
 729, PR482,    40.20K ,    16.40K ,  30.0,  30.0, 2, R, 1113, 429, A1, 24417.3594378K , 1
 733, PR477,   100.00K ,   100.00K ,  30.0,  30.0, 2, R, 9, 1115, A1, 18497.9994378K , 1
 736, PR479,    10.00K ,    10.00K ,  30.0,  30.0, 2, R, 1106, 992, A1, 2466.3994378K , 1
 737, PC485,    2.200uF,    1.700uF,  30.0,  30.0, 0, C, 1115, 429, A1, 0.0005817uF, 1
 738, PR475,    1.000  ,    1.000  ,  10.0,  10.0, 0, J, 1117, 429, A1, 4.0000000  , 1
 739, PR480,   100.00  ,   100.00  ,  30.0,  30.0, 2, R, 1108, 425, A1, 24663.4377736  , 1
 740, PFB470,   100.00  ,   100.00  ,  10.0,  10.0, 2, R, 1108, 425, A1, 24663.4377736  , 1
 749, SR76,   100.00  ,   100.00  ,  30.0,  30.0, 2, R, 430, 425, A1, 24663.4377736  , 1
 763, HC169,    10.00uF,   132.00uF,  90.0,  90.0, 4, C, 425, 429, A1, 99999.0000000uF, 1
 774, PR481,    1.000K ,    1.000K ,  30.0,  30.0, 2, R, 962, 1105, A1, 813.9114378K , 1
 775, PC487,   100.00nF,   100.00nF,  30.0,  30.0, 0, C, 1105, 429, A1, 0.0192893nF, 1
 796, PC752,   220.00nF,   220.00nF,  30.0,  30.0, 0, C, 926, 429, A1, 0.0655144nF, 1
 801, PC751,    10.00nF,    13.10nF,  30.0,  30.0, 1, C, 929, 925, A1, 0.0272528nF, 1
 815, PFB901,    1.000  ,    1.000  ,  10.0,  10.0, 0, J, 75, 918, A1, 4.0000000  , 1
 816, PFB900,    1.000  ,    1.000  ,  10.0,  10.0, 0, J, 75, 918, A1, 4.0000000  , 1
 817, PFB902,    1.000  ,    1.000  ,  10.0,  10.0, 0, J, 75, 918, A1, 4.0000000  , 1
 818, PFB903,    1.000  ,    1.000  ,  10.0,  10.0, 0, J, 75, 918, A1, 4.0000000  , 1
 822, PR955,    47.00K ,    31.47K ,  30.0,  30.0, 2, R, 75, 1061, A1, 24417.3594378K , 1
 823, PR903,    1.000  ,    1.000  ,  10.0,  10.0, 0, J, 75, 994, A1, 4.0000000  , 1
 829, HR149,    4.700K ,    4.700K ,  30.0,  30.0, 2, R, 636, 1058, A1, 2466.3994378K , 1
 833, PR719,    30.00  ,    30.00  ,  30.0,  30.0, 2, R, 967, 966, A1, 12331.4377736  , 1
 850, PR1101,   100.00K ,   100.00K ,  30.0,  30.0, 2, R, 924, 734, A1, 18497.9994378K , 1
 851, PR508,    30.00  ,    30.00  ,  30.0,  30.0, 2, R, 736, 735, A1, 12331.4377736  , 1
 852, PR515,    10.00K ,    10.00K ,  30.0,  30.0, 2, R, 736, 993, A1, 2466.3994378K , 1
 854, PC1103,   150.00nF,   150.00nF,  30.0,  30.0, 0, C, 736, 429, A1, 0.0330199nF, 1
 864, HR314,   100.00K ,    60.00K ,  90.0, 150.0, 2, R, 558, 429, A1, 24663.9994378K , 1
 865, R9406,    1.000M ,    1.000M ,  30.0,  30.0, 1, R, 1102, 1132, A1, 99999.9000000M , 1
 866, HR315,   100.00K ,    10.00K ,  30.0,  30.0, 2, R, 429, 1011, A1, 2466.3994378K , 1
 868, HR312,    10.00K ,    10.00K ,  30.0,  30.0, 2, R, 614, 429, A1, 2466.3994378K , 1
 870, HR320,    2.200K ,    2.200K ,  30.0,  30.0, 2, R, 494, 1058, A1, 813.9114378K , 1
 871, HR319,    2.200K ,    2.200K ,  30.0,  30.0, 2, R, 664, 1058, A1, 813.9114378K , 1
 872, HR318,    2.200K ,    2.200K ,  35.0,  30.0, 2, R, 663, 1058, A1, 813.9114378K , 1
 880, PR1138,   100.00K ,   100.00K ,  80.0,  80.0, 2, R, 7, 429, A1, 18497.9994378K , 1
 883, PR1108,   100.00K ,   100.00K ,  30.0,  30.0, 2, R, 1058, 4, A1, 18497.9994378K , 1
 886, PR1003,    10.00K ,    10.00K ,  30.0,  30.0, 2, R, 21, 1132, A1, 2466.3994378K , 1
 889, HR157,   100.00K ,   100.00K ,  30.0,  30.0, 2, R, 429, 1262, A1, 24663.9994378K , 1
 890, HR155,   100.00K ,   100.00K ,  30.0,  30.0, 2, R, 429, 1256, A1, 18497.9994378K , 1
 895, HR332,    10.00K ,    10.00K ,  30.0,  30.0, 2, R, 1257, 1058, A1, 3699.5994378K , 1
 899, HR164,    1.000  ,    1.000  ,  10.0,  10.0, 0, J, 598, 580, A1, 4.0000000  , 1
 902, HR163,    10.00K ,    10.00K ,  90.0,  90.0, 2, R, 571, 580, A1, 3699.5994378K , 1
 904, HR253,    4.700K ,    4.700K ,  30.0,  30.0, 2, R, 631, 1058, A1, 2466.3994378K , 1
 917, VR552,    22.00  ,    22.00  ,  30.0,  30.0, 2, R, 262, 273, A1, 12331.4377736  , 1
 918, VR553,    22.00  ,    22.00  ,  30.0,  30.0, 2, R, 262, 276, A1, 12331.4377736  , 1
 919, VR521,    22.00  ,    22.00  ,  30.0,  30.0, 2, R, 278, 146, A1, 12331.4377736  , 1
 920, VR554,    22.00  ,    22.00  ,  30.0,  30.0, 2, R, 278, 145, A1, 12331.4377736  , 1
 925, XR309,    39.00  ,    39.00  ,  30.0,  30.0, 2, R, 1064, 1010, A1, 24663.4377736  , 1
 931, HR215,    33.00  ,    33.00  ,  30.0,  30.0, 2, R, 962, 1040, A1, 12331.4377736  , 1
 933, PR1064,    10.00K ,    10.00K ,  30.0,  30.0, 2, R, 617, 992, A1, 2466.3994378K , 1
 936, HR130,    33.00  ,    33.00  ,  30.0,  30.0, 2, R, 1268, 1040, A1, 12331.4377736  , 1
 942, HR129,    10.00  ,    14.10  ,  30.0,  30.0, 2, R, 1121, 492, A1, 12331.4377736  , 1
 954, HR227,    47.00  ,    47.00  ,  80.0,  80.0, 2, R, 17, 12, A1, 24663.4377736  , 1
 956, HR232,   110.00  ,   110.00  ,  30.0,  30.0, 2, R, 17, 16, A1, 81390.6377736  , 1
 961, HC104,    1.000uF,    0.700uF,  90.0,  90.0, 0, C, 429, 671, A1, 0.0002679uF, 1
 962, HR124,    20.00K ,    15.00K ,  90.0,  90.0, 2, R, 388, 671, A1, 24417.3594378K , 1
 963, HR231,    10.00K ,    10.00K ,  90.0,  90.0, 2, R, 22, 924, A1, 2466.3994378K , 1
 968, HR229,    10.00K ,    10.00K ,  30.0,  30.0, 2, R, 18, 1058, A1, 2466.3994378K , 1
 970, HR221,    1.000  ,    1.000  ,  10.0,  10.0, 0, J, 18, 8, A1, 4.0000000  , 1
 971, SR15,    1.000K ,    1.000K ,  30.0,  30.0, 2, R, 924, 1174, A1, 813.9114378K , 1
 973, PC1144,    22.00uF,   120.20uF,  30.0,  30.0, 4, C, 620, 429, A1, 99999.0000000uF, 1
 977, HR275,    20.00K ,    20.00K ,  30.0,  30.0, 2, R, 620, 615, A1, 24417.3594378K , 1
 978, PR1061,   100.00  ,   100.00  ,  30.0,  30.0, 2, R, 618, 620, A1, 24663.4377736  , 1
 979, HR135,    1.000  ,    1.000  ,  10.0,  10.0, 0, J, 620, 1260, A1, 4.0000000  , 1
 982, HR262,    20.00K ,    20.00K ,  30.0,  30.0, 2, R, 620, 498, A1, 24417.3594378K , 1
 993, HC313,   100.00nF,   100.00nF,  30.0,  30.0, 0, C, 16, 429, A1, 0.0381687nF, 1
 997, SR501,    1.000K ,    1.000K ,  30.0,  30.0, 2, R, 1132, 1134, A1, 813.9114378K , 1
 998, SR502,   100.00  ,   100.00  ,  30.0,  30.0, 2, R, 485, 1134, A1, 24663.4377736  , 1
 999, R363,    1.000K ,    1.000K ,  30.0,  30.0, 2, R, 541, 1058, A1, 813.9114378K , 1
 1013, HR216,    33.00  ,    33.00  ,  30.0,  30.0, 2, R, 187, 443, A1, 12331.4377736  , 1
 1017, D351,    0.608V ,    0.200V ,  30.0,  30.0, 0, D, 1086, 874, A1, 1.5452684V , 1
 1018, C356,   100.00nF,   130.00nF,  30.0,  30.0, 2, C, 1086, 429, A1, 0.3311019nF, 1
 1030, AC53,   680.00pF,   460.00pF,  30.0,  30.0, 2, C, 793, 777, A1, 0.0000000pF, 1
 1034, AR84,   220.00K ,    10.20K ,  30.0,  30.0, 2, R, 924, 954, A1, 24417.3594378K , 1
 1038, HR169,    51.00  ,    51.00  ,  30.0,  30.0, 2, R, 577, 429, A1, 24663.4377736  , 1
 1039, HR245,    1.000  ,    1.000  ,  10.0,  10.0, 0, J, 1252, 119, A1, 4.0000000  , 1
 1040, HR139,    1.000  ,    1.000  ,  10.0,  10.0, 0, J, 1273, 924, A1, 4.0000000  , 1
 1043, HR219,    47.00  ,    47.00  ,  80.0,  80.0, 2, R, 442, 502, A1, 24663.4377736  , 1
 1050, HR300,   100.00K ,    56.00K ,  90.0,  90.0, 2, R, 429, 454, A1, 18497.9994378K , 1
 1063, SR65,    43.00  ,    43.00  ,  30.0,  30.0, 2, R, 467, 1163, A1, 24663.4377736  , 1
 1067, HR109,    33.00  ,    33.00  ,  30.0,  30.0, 2, R, 1267, 491, A1, 12331.4377736  , 1
 1073, PC1132,    10.00uF,   620.00uF,  30.0,  30.0, 4, C, 924, 429, A1, 99999.0000000uF, 1
 1074, PC1131,    10.00uF,   620.00uF,  30.0,  30.0, 4, C, 924, 429, A1, 99999.0000000uF, 1
 1077, PR1000,    2.200K ,    2.200K ,  30.0,  30.0, 2, R, 19, 924, A1, 813.9114378K , 1
 1085, HR114,    1.000K ,    1.000K ,  30.0,  30.0, 2, R, 495, 924, A1, 813.9114378K , 1
 1107, PR735,    47.00K ,    47.00K ,  30.0,  30.0, 2, R, 924, 1051, A1, 18497.9994378K , 1
 1110, PC945,    22.00uF,   620.20uF,  30.0,  30.0, 4, C, 924, 429, A1, 99999.0000000uF, 1
 1111, PC944,    22.00uF,   620.20uF,  30.0,  30.0, 4, C, 924, 429, A1, 99999.0000000uF, 1
 1112, PCE945,   560.00uF,   560.00uF,  30.0,  30.0, 4, C, 924, 429, A1, 99999.0000000uF, 1
 1129, AFB8,    1.000  ,    1.000  ,  10.0,  10.0, 0, J, 786, 776, A1, 4.0000000  , 1
 1131, HR257,    1.000K ,    1.000K ,  30.0,  30.0, 2, R, 5, 553, A1, 813.9114378K , 1
 1136, PR124,    45.30  ,    45.30  ,  30.0,  30.0, 2, R, 5, 119, A1, 24663.4377736  , 1
 1147, HR236,    10.00K ,    10.00K ,  30.0,  30.0, 2, R, 1124, 1058, A1, 2466.3994378K , 1
 1152, HR233,    1.000K ,    0.800K ,  60.0,  60.0, 2, R, 5, 1048, A1, 246.6394378K , 1
 1161, HR347,    1.000K ,    1.000K ,  80.0,  80.0, 2, R, 571, 593, A1, 813.9114378K , 1
 1162, HR346,    1.000K ,    1.000K ,  80.0,  80.0, 2, R, 587, 571, A1, 813.9114378K , 1
 1163, HR179,    1.000K ,    1.000K ,  80.0,  80.0, 2, R, 571, 590, A1, 813.9114378K , 1
 1165, HR178,    1.000K ,    1.000K ,  80.0,  80.0, 2, R, 588, 571, A1, 813.9114378K , 1
 1167, HR174,    1.000K ,    1.000K ,  80.0,  80.0, 2, R, 565, 571, A1, 813.9114378K , 1
 1171, HR159,   100.00K ,   100.00K ,  80.0,  80.0, 2, R, 445, 1058, A1, 18497.9994378K , 1
 1174, HC245,    47.00uF,   120.70uF,  30.0,  30.0, 4, C, 616, 429, A1, 99999.0000000uF, 1
 1175, HR136,    1.000  ,    1.000  ,  10.0,  10.0, 0, J, 616, 611, A1, 4.0000000  , 1
 1179, SQ2,   12.000V ,    0.700V ,  30.0,  30.0, 4, Q, 974, 972, A1, 2.0005828V , 1
 1180, SC32,    2.200nF,    2.200nF,  30.0,  30.0, 0, C, 974, 972, A1, 0.0000000nF, 1
 1190, C305/C301/SC10,    1.000uF,    2.500uF,  30.0,  30.0, 0, C, 388, 429, A1, 0.0005207uF, 1
 1191, SC10/C301/C305,    1.000uF,    2.500uF,  30.0,  30.0, 0, C, 388, 429, A1, 0.0006754uF, 1
 1196, PR737,    33.00K ,    33.00K ,  30.0,  30.0, 2, R, 1052, 874, A1, 24417.3594378K , 1
 1202, PR733,    30.00  ,    30.00  ,  30.0,  30.0, 2, R, 1056, 1055, A1, 12331.4377736  , 1
 1204, R251,   330.00  ,   330.00  ,  30.0,  30.0, 2, R, 1085, 993, A1, 81390.6377736  , 1
 1206, R255,   100.00  ,   100.00  ,  80.0,  80.0, 2, R, 1100, 1050, A1, 24663.4377736  , 1
 1207, C253,    10.00nF,    10.00nF,  80.0,  80.0, 1, C, 1050, 429, A1, 0.0159786nF, 1
 1211, R250,   330.00  ,   330.00  ,  30.0,  30.0, 2, R, 1099, 874, A1, 81390.6377736  , 1
 1214, PR731,    30.00  ,    40.00  ,  30.0,  30.0, 2, R, 1054, 857, A1, 24663.4377736  , 1
 1218, PR734,    47.00K ,    42.00K ,  30.0,  30.0, 2, R, 925, 1055, A1, 24663.9994378K , 1
 1222, HR206,    1.000  ,    1.000  ,  10.0,  10.0, 0, J, 560, 554, A1, 4.0000000  , 1
 1226, HR210,   499.00  ,   499.00  ,  30.0,  30.0, 2, R, 572, 177, A1, 246639.4377735  , 1
 1227, HR209,    1.000K ,    1.000K ,  30.0,  30.0, 2, R, 5, 177, A1, 813.9114378K , 1
 1233, HR205,    1.000  ,    1.000  ,  10.0,  10.0, 0, J, 555, 557, A1, 4.0000000  , 1
 1237, HR132,    1.000  ,    1.000  ,  10.0,  10.0, 0, J, 652, 495, A1, 4.0000000  , 1
 1238, R158,   100.00K ,   100.00K ,  30.0,  30.0, 2, R, 429, 222, A1, 18497.9994378K , 1
 1239, HR133,    62.00  ,    62.00  ,  30.0,  30.0, 2, R, 440, 441, A1, 24663.4377736  , 1
 1243, R105,    2.200K ,    2.200K ,  30.0,  30.0, 2, R, 434, 1058, A1, 813.9114378K , 1
 1253, HR220,    1.000  ,    1.000  ,  10.0,  10.0, 0, J, 514, 626, A1, 4.0000000  , 1
 1254, SR33,    33.00  ,    33.00  ,  30.0,  30.0, 2, R, 514, 399, A1, 12331.4377736  , 1
 1260, SD200,    0.457V ,    0.300V ,  30.0,  30.0, 0, D, 925, 131, A1, 1.6440967V , 1
 1262, VR413,    2.200K ,    2.200K ,  30.0,  30.0, 2, R, 201, 346, A1, 813.9114378K , 1
 1268, VR414,    2.200K ,    2.200K ,  30.0,  30.0, 2, R, 199, 346, A1, 813.9114378K , 1
 1272, SC207/SC203,    10.00nF,    19.00nF,  30.0,  30.0, 1, C, 97, 429, A1, 0.0144259nF, 1
 1273, SC203/SC207,    10.00nF,    19.00nF,  30.0,  30.0, 0, C, 97, 429, A1, 0.0119097nF, 1
 1278, VR533,    1.000K ,    1.000K ,  30.0,  30.0, 2, R, 1043, 267, A1, 813.9114378K , 1
 1279, VR503,   100.00K ,    90.00K ,  90.0,  90.0, 2, R, 429, 1043, A1, 18497.9994378K , 1
 1290, R107,    2.200K ,    2.200K ,  30.0,  30.0, 2, R, 431, 1058, A1, 813.9114378K , 1
 1294, HR238,    1.000  ,    1.000  ,  10.0,  10.0, 0, J, 6, 610, A1, 4.0000000  , 1
 1295, HR240,    1.000  ,    1.000  ,  10.0,  10.0, 0, J, 6, 1244, A1, 4.0000000  , 1
 1300, HR207,    1.000  ,    1.000  ,  10.0,  10.0, 0, J, 573, 429, A1, 4.0000000  , 1
 1314, SR21,    33.00  ,    33.00  ,  30.0,  30.0, 2, R, 400, 1091, A1, 12331.4377736  , 1
 1320, VC407/VC408-NP,     4.70uF,    12.00uF,  80.0,  80.0, 0, C, 319, 429, A1, 0.0012885uF, 1
 1324, AFB12,    1.000  ,    1.000  ,  10.0,  10.0, 0, J, 876, 870, A1, 4.0000000  , 1
 1333, AR16/AC37-NP,    8.870K ,    4.800K ,  30.0,  30.0, 2, R, 939, 871, A1, 2466.3994378K , 1
 1334, AR15,    10.00  ,    10.00  ,  30.0,  30.0, 0, R, 939, 870, A1, 99999.9000000  , 1
 1335, PR1127,   100.00K ,   100.00K ,  30.0,  30.0, 2, R, 993, 1103, A1, 24663.9994378K , 1
 1341, AR90,    1.000K ,    1.000K ,  30.0,  30.0, 2, R, 944, 942, A1, 813.9114378K , 1
 1366, AC9,    4.700uF,    3.440uF,  80.0,  80.0, 0, C, 894, 887, A1, 0.0007194uF, 1
 1367, HR282,    4.700K ,    4.700K ,  80.0,  80.0, 2, R, 1270, 1058, A1, 2466.3994378K , 1
 1370, PC1134,    10.00uF,    13.00uF,  30.0,  30.0, 5, C, 489, 429, A1, 9999.0000000uF, 1
 1372, HC194,    10.00uF,    13.00uF,  30.0,  30.0, 0, C, 489, 429, A1, 0.0012219uF, 1
 1377, SR69,   100.00  ,   100.00  ,  30.0,  30.0, 2, R, 1047, 1132, A1, 24663.4377736  , 1
 1379, LR3,    10.00K ,    10.00K ,  30.0,  30.0, 2, R, 178, 1058, A1, 2466.3994378K , 1
 1383, SR102,   160.00  ,   160.00  ,  30.0,  30.0, 2, R, 1049, 925, A1, 81390.6377736  , 1
 1385, VC402,     4.70uF,    13.00uF,  80.0,  80.0, 0, C, 200, 429, A1, 0.0018213uF, 1
 1393, C157,   100.00nF,   100.00nF,  30.0,  30.0, 0, C, 180, 429, A1, 0.0356838nF, 1
 1397, AC23,    10.00uF,    10.00uF,  30.0,  30.0, 11, C, 878, 777, A1, 0.0003689uF, 1
 1400, SR100,   100.00  ,   100.00  ,  30.0,  30.0, 2, R, 1046, 874, A1, 24663.4377736  , 1
 1401, SC29,    2.200nF,    2.200nF,  30.0,  30.0, 0, C, 404, 972, A1, 0.0000000nF, 1
 1404, HC263,     1.00uF,    19.00uF,  80.0,  80.0, 0, C, 5, 429, A1, 0.0024643uF, 1
 1405, HC262,     1.00uF,    19.00uF,  80.0,  80.0, 0, C, 5, 429, A1, 0.0016471uF, 1
 1406, HC264,     1.00uF,    17.00uF,  80.0,  80.0, 0, C, 5, 429, A1, 0.0013807uF, 1
 1407, PC1104,    22.00uF,    22.00uF,  80.0,  80.0, 0, C, 5, 429, A1, 0.0105499uF, 1
 1413, AR8,   100.00K ,   100.00K ,  30.0,  30.0, 2, R, 778, 781, A1, 18497.9994378K , 1
 1414, AR10,   200.00K ,   200.00K ,  30.0,  30.0, 2, R, 781, 782, A1, 91392.7908851K , 1
 1417, C107,   470.00uF,   200.00uF,  30.0,  30.0, 20, C, 826, 429, A1, 0.0033985uF, 1
 1418, HC255,    4.700uF,    4.090uF,  50.0,  50.0, 0, C, 429, 1266, A1, 0.0006492uF, 1
 1421, AC39,    22.00uF,    22.00uF,  30.0,  30.0, 0, C, 870, 429, A1, 0.0074813uF, 1
 1426, HR137,    1.000  ,    1.000  ,  10.0,  10.0, 0, J, 611, 1260, A1, 4.0000000  , 1
 1428, VR412,   200.00  ,   200.00  ,  30.0,  30.0, 2, R, 317, 429, A1, 81390.6377736  , 1
 1433, AFB3,    1.000  ,    1.000  ,  10.0,  10.0, 0, J, 778, 1132, A1, 4.0000000  , 1
 1441, AR64,    10.00K ,    10.00K ,  30.0,  30.0, 2, R, 1044, 1132, A1, 2466.3994378K , 1
 1445, AR13,    10.00K ,    10.00K ,  30.0,  30.0, 2, R, 872, 1132, A1, 2466.3994378K , 1
 1448, VR404,    4.700K ,    4.700K ,  30.0,  30.0, 2, R, 198, 429, A1, 3699.5994378K , 1
 1455, AR44,    1.000  ,    1.000  ,  10.0,  10.0, 0, J, 777, 429, A1, 4.0000000  , 1
 1463, AR46,    1.000  ,    1.000  ,  10.0,  10.0, 0, J, 777, 429, A1, 4.0000000  , 1
 1476, AC24,   100.00nF,   200.00nF,  30.0,  30.0, 23, C, 777, 429, A1, 0.2355748nF, 1
 1477, AC35,   100.00nF,   200.00nF,  30.0,  30.0, 23, C, 777, 429, A1, 0.2591368nF, 1
 1483, AC255,   100.00nF,   200.00nF,  30.0,  30.0, 23, C, 777, 429, A1, 0.2410197nF, 1
 1494, AC18,    2.200uF,    1.500uF,  50.0,  50.0, 0, C, 881, 880, A1, 0.0002854uF, 1
 1497, PC901,    4.700uF,    4.700uF,  30.0,  30.0, 0, C, 429, 992, A1, 0.0003889uF, 1
 1503, AFB2,    1.000  ,    1.000  ,  10.0,  10.0, 0, J, 779, 993, A1, 4.0000000  , 1
 1506, SR85,    10.00K ,    10.00K ,  30.0,  30.0, 2, R, 410, 414, A1, 2466.3994378K , 1
 1510, VR576,    1.000  ,    1.000  ,  10.0,  10.0, 0, J, 1132, 274, A1, 4.0000000  , 1
 1512, VR504,    1.000  ,    1.000  ,  10.0,  10.0, 0, J, 1132, 384, A1, 4.0000000  , 1
 1532, PR119,    10.00K ,    10.00K ,  30.0,  30.0, 2, R, 1132, 14, A1, 2466.3994378K , 1
 1537, SR51,    1.000K ,    1.000K ,  30.0,  30.0, 2, R, 1175, 1132, A1, 813.9114378K , 1
 1563, HC246,     1.00uF,   120.00uF,  30.0,  30.0, 4, C, 1260, 429, A1, 99999.0000000uF, 1
 1564, AC19,   10.000uF,    7.000uF,  30.0,  30.0, 0, C, 890, 429, A1, 0.0019187uF, 1
 1565, SR7,    33.00  ,    33.00  ,  30.0,  30.0, 2, R, 1067, 1169, A1, 12331.4377736  , 1
 1570, R252,   330.00  ,   330.00  ,  30.0,  30.0, 2, R, 911, 993, A1, 81390.6377736  , 1
 1583, PC935,    22.00uF,   200.00uF,  30.0,  30.0, 20, C, 993, 429, A1, 0.0026855uF, 1
 1588, PR907,   100.00K ,   100.00K ,  30.0,  30.0, 2, R, 993, 998, A1, 18497.9994378K , 1
 1599, AR17,   10.000K ,    5.000K ,  30.0,  30.0, 2, R, 871, 429, A1, 3699.5994378K , 1
 1617, SR84,    2.000K ,    2.000K ,  30.0,  30.0, 2, R, 409, 414, A1, 813.9114378K , 1
 1622, AC1,    10.00uF,    34.00uF,  30.0,  30.0, 4, C, 874, 429, A1, 99999.0000000uF, 1
 1623, AC2,   100.00nF,   200.00nF,  30.0,  30.0, 23, C, 874, 429, A1, 0.1780088nF, 1
 1625, PC736,    22.00uF,    32.00uF,  40.0,  40.0, 4, C, 874, 429, A1, 99999.0000000uF, 1
 1627, SC201,     2.00uF,    34.00uF,  30.0,  30.0, 4, C, 874, 429, A1, 99999.0000000uF, 1
 1630, SC205/AC1/AC2,     2.20uF,    29.00uF,  30.0,  30.0, 0, C, 874, 429, A1, 0.0052919uF, 1
 1631, C6/AC1/AC2,   100.00nF,   200.00nF,  30.0,  30.0, 23, C, 874, 429, A1, 0.2380950nF, 1
 1647, PC251,    22.00uF,   800.00uF,  90.0,  90.0, 9, C, 166, 429, A1, 0.0077106uF, 1
 1648, PC252,    22.00uF,   800.00uF,  90.0,  90.0, 9, C, 166, 429, A1, 0.0166252uF, 1
 1651, PC277,    22.00uF,   800.00uF,  90.0,  90.0, 9, C, 166, 429, A1, 0.0222609uF, 1
 1652, PCE281,   820.00uF,   820.00uF,  90.0,  90.0, 9, C, 166, 429, A1, 0.0084023uF, 1
 1653, PC276,    22.00uF,   800.20uF,  30.0,  30.0, 9, C, 166, 429, A1, 0.0216717uF, 1
 1655, PC271,    22.00uF,   800.20uF,  30.0,  30.0, 9, C, 166, 429, A1, 0.0163435uF, 1
 1656, PC261,    22.00uF,   800.20uF,  30.0,  30.0, 9, C, 166, 429, A1, 0.0174450uF, 1
 1657, PC257,    22.00uF,   800.20uF,  30.0,  30.0, 9, C, 166, 429, A1, 0.0251300uF, 1
 1658, PC272,    22.00uF,   800.20uF,  30.0,  30.0, 9, C, 166, 429, A1, 0.0141660uF, 1
 1659, PC273,    22.00uF,   800.20uF,  30.0,  30.0, 9, C, 166, 429, A1, 0.0281785uF, 1
 1660, PC270,    22.00uF,   800.20uF,  30.0,  30.0, 9, C, 166, 429, A1, 0.0196480uF, 1
 1661, PC250,    22.00uF,   800.20uF,  30.0,  30.0, 9, C, 166, 429, A1, 0.0216717uF, 1
 1662, PC262,    22.00uF,   800.20uF,  30.0,  30.0, 9, C, 166, 429, A1, 0.0284859uF, 1
 1663, PC267,    22.00uF,   800.20uF,  30.0,  30.0, 9, C, 166, 429, A1, 0.0152675uF, 1
 1664, PC275,    22.00uF,   800.20uF,  30.0,  30.0, 9, C, 166, 429, A1, 0.0196992uF, 1
 1665, PC274,    22.00uF,   800.20uF,  30.0,  30.0, 9, C, 166, 429, A1, 0.0118605uF, 1
 1667, PC266,    22.00uF,   800.20uF,  30.0,  30.0, 9, C, 166, 429, A1, 0.0235417uF, 1
 1668, PC264,    22.00uF,   800.20uF,  30.0,  30.0, 9, C, 166, 429, A1, 0.0126803uF, 1
 1669, PC268,    22.00uF,   800.20uF,  30.0,  30.0, 9, C, 166, 429, A1, 0.0206214uF, 1
 1670, PC256,    22.00uF,   800.20uF,  30.0,  30.0, 9, C, 166, 429, A1, 0.0244128uF, 1
 1671, PC265,    22.00uF,   800.20uF,  30.0,  30.0, 9, C, 166, 429, A1, 0.0156519uF, 1
 1672, PC259,    22.00uF,   800.20uF,  30.0,  30.0, 9, C, 166, 429, A1, 0.0373749uF, 1
 1673, PC254,    22.00uF,   800.20uF,  30.0,  30.0, 9, C, 166, 429, A1, 0.0262828uF, 1
 1675, PC258,    22.00uF,   800.20uF,  30.0,  30.0, 9, C, 166, 429, A1, 0.0069164uF, 1
 1676, PC249,    22.00uF,   800.20uF,  30.0,  30.0, 9, C, 166, 429, A1, 0.0252837uF, 1
 1677, PC263,    22.00uF,   800.20uF,  30.0,  30.0, 9, C, 166, 429, A1, 0.0237211uF, 1
 1678, PC260,    22.00uF,   800.20uF,  30.0,  30.0, 9, C, 166, 429, A1, 0.0155749uF, 1
 1679, PC253,    22.00uF,   800.20uF,  30.0,  30.0, 9, C, 166, 429, A1, 0.0347364uF, 1
 1680, HC141,     2.20uF,   800.00uF,  30.0,  30.0, 9, C, 166, 429, A1, 0.0205191uF, 1
 1681, HC127,    47.00uF,   800.70uF,  30.0,  30.0, 9, C, 166, 429, A1, 0.0161128uF, 1
 1682, HC137,     2.20uF,   800.00uF,  30.0,  30.0, 9, C, 166, 429, A1, 0.0252324uF, 1
 1683, HC140,     2.20uF,   800.00uF,  30.0,  30.0, 9, C, 166, 429, A1, 0.0179573uF, 1
 1684, HC113,    47.00uF,   800.70uF,  30.0,  30.0, 9, C, 166, 429, A1, 0.0255144uF, 1
 1685, HC112,    47.00uF,   800.70uF,  30.0,  30.0, 9, C, 166, 429, A1, 0.0172656uF, 1
 1686, HC142,     2.20uF,   800.00uF,  30.0,  30.0, 9, C, 166, 429, A1, 0.0103491uF, 1
 1687, HC138,     2.20uF,   800.00uF,  30.0,  30.0, 9, C, 166, 429, A1, 0.0204677uF, 1
 1688, HC117,    47.00uF,   800.70uF,  30.0,  30.0, 9, C, 166, 429, A1, 0.0131669uF, 1
 1690, HC143,     2.20uF,   800.00uF,  30.0,  30.0, 9, C, 166, 429, A1, 0.0328408uF, 1
 1691, HC136,     2.20uF,   800.00uF,  30.0,  30.0, 9, C, 166, 429, A1, 0.0169840uF, 1
 1692, HC114,    47.00uF,   800.70uF,  30.0,  30.0, 9, C, 166, 429, A1, 0.0195456uF, 1
 1693, HC116,    47.00uF,   800.70uF,  30.0,  30.0, 9, C, 166, 429, A1, 0.0162667uF, 1
 1694, HC115,    47.00uF,   800.70uF,  30.0,  30.0, 9, C, 166, 429, A1, 0.0116300uF, 1
 1695, HC118,    47.00uF,   800.70uF,  30.0,  30.0, 9, C, 166, 429, A1, 0.0158054uF, 1
 1707, LC5,   470.00uF,   200.00uF,  30.0,  30.0, 20, C, 210, 429, A1, 0.0046451uF, 1
 1709, C163/C162/R157,   100.00nF,   200.00nF,  30.0,  30.0, 23, C, 204, 429, A1, 0.2552690nF, 1
 1711, C162,   470.00uF,   200.00uF,  30.0,  30.0, 20, C, 204, 429, A1, 0.0022927uF, 1
 1712, PR657,   100.00K ,   100.00K ,  30.0,  30.0, 2, R, 1058, 732, A1, 18497.9994378K , 1
 1717, SC26,     4.70uF,   650.00uF,  30.0,  30.0, 4, C, 1150, 429, A1, 99999.0000000uF, 1
 1722, SR32,    8.200K ,    8.200K ,  30.0,  30.0, 2, R, 1058, 399, A1, 2466.3994378K , 1
 1724, SFB1,    1.000  ,    1.000  ,  10.0,  10.0, 0, J, 1025, 429, A1, 4.0000000  , 1
 1726, HR185,   150.00  ,   150.00  ,  30.0,  30.0, 2, R, 1263, 429, A1, 81390.6377736  , 1
 1731, HR292,    4.700K ,    4.700K ,  30.0,  30.0, 2, R, 449, 1058, A1, 2466.3994378K , 1
 1740, PR930,    1.000  ,    1.000  ,  10.0,  10.0, 0, J, 984, 976, A1, 4.0000000  , 1
 1742, PC925,    10.00uF,   600.00uF,  30.0,  30.0, 4, C, 918, 429, A1, 99999.0000000uF, 1
 1760, XR306,    75.00K ,    75.00K ,  90.0,  90.0, 2, R, 429, 1073, A1, 18497.9994378K , 1
 1763, PR908,    1.000  ,    1.000  ,  10.0,  10.0, 0, J, 983, 977, A1, 4.0000000  , 1
 1771, PC1238,    10.00uF,    80.10uF,  40.0,  40.0, 4, C, 1058, 429, A1, 99999.0000000uF, 1
 1772, PC1202,    10.00uF,    80.10uF,  40.0,  40.0, 4, C, 1058, 429, A1, 99999.0000000uF, 1
 1780, HR134,   10.000K ,    8.000K ,  30.0,  30.0, 0, R, 961, 1058, A1, 99999.9000000K , 1
 1781, PR1060,    10.00K ,    10.00K ,  30.0,  30.0, 2, R, 1058, 458, A1, 2466.3994378K , 1
 1782, HR261,    4.700K ,    4.700K ,  30.0,  30.0, 2, R, 628, 1058, A1, 2466.3994378K , 1
 1788, XR331,    1.000  ,    1.000  ,  10.0,  10.0, 0, J, 1058, 1021, A1, 4.0000000  , 1
 1789, PR950,    30.00K ,    30.00K ,  30.0,  30.0, 2, R, 1058, 978, A1, 24417.3594378K , 1
 1794, PR960,   100.00  ,   100.00  ,  30.0,  30.0, 2, R, 1057, 1058, A1, 24663.4377736  , 1
 1796, XR325,  100.000K ,    9.000K ,  30.0,  30.0, 2, R, 1058, 1015, A1, 2466.3994378K , 1
 1809, XR305,    75.00K ,    75.00K ,  30.0,  30.0, 2, R, 1072, 429, A1, 18497.9994378K , 1
 1830, PR928,    10.20K ,    19.00K ,  30.0,  30.0, 3, R, 986, 429, A1, 14469.3775528K , 1
 1839, PR958,    30.00  ,    30.00  ,  30.0,  30.0, 2, R, 1061, 1059, A1, 12331.4377736  , 1
 1841, SR503,    1.000K ,    1.000K ,  30.0,  30.0, 2, R, 484, 424, A1, 813.9114378K , 1
 1842, SC500,   100.00pF,   230.00pF,  30.0,  30.0, 2, C, 484, 429, A1, 0.9160762pF, 1
 1850, VR561,    22.00  ,    22.00  ,  30.0,  30.0, 2, R, 261, 382, A1, 12331.4377736  , 1
 1852, PR951,    10.00K ,    10.00K ,  30.0,  30.0, 2, R, 975, 973, A1, 2466.3994378K , 1
 1862, PR940,    1.000  ,    1.000  ,  10.0,  10.0, 0, J, 919, 996, A1, 4.0000000  , 1
 1863, PC910,    4.700uF,    4.700uF,  30.0,  30.0, 0, C, 429, 989, A1, 0.0005605uF, 1
 1864, HR184,   150.00  ,   150.00  ,  30.0,  30.0, 2, R, 1272, 429, A1, 81390.6377736  , 1
 1869, PR942,   20.000K ,    6.000K ,  30.0,  30.0, 2, R, 429, 985, A1, 2466.3994378K , 1
 1870, VR512,    2.200K ,    2.200K ,  30.0,  30.0, 2, R, 381, 383, A1, 813.9114378K , 1
 1873, PC914,    2.200uF,    2.200uF,  30.0,  30.0, 0, C, 995, 429, A1, 0.0008394uF, 1
 1875, HC105,    1.000uF,    0.700uF,  90.0,  90.0, 0, C, 429, 1271, A1, 0.0002948uF, 1
 1880, PR941,    1.000  ,    1.000  ,  10.0,  10.0, 0, J, 1000, 429, A1, 4.0000000  , 1
 1894, AR131,    1.000  ,    1.000  ,  10.0,  10.0, 0, J, 831, 429, A1, 4.0000000  , 1
 1897, AR134,    1.000  ,    1.000  ,  10.0,  10.0, 0, J, 429, 321, A1, 4.0000000  , 1
 1898, AR133,    1.000  ,    1.000  ,  10.0,  10.0, 0, J, 429, 324, A1, 4.0000000  , 1
 1899, VC507,   100.00nF,   100.00nF,  30.0,  30.0, 0, C, 429, 326, A1, 0.0370929nF, 1
 1912, VR559,    47.00K ,    47.00K ,  30.0,  30.0, 2, R, 429, 382, A1, 18497.9994378K , 1
 1920, VC509,   100.00nF,   200.00nF,  30.0,  30.0, 23, C, 429, 270, A1, 0.2415430nF, 1
 1923, PCE290,   270.00uF,   990.00uF,  30.0,  30.0, 4, C, 429, 299, A1, 99999.0000000uF, 1
 1986, PR1111,   100.00K ,    65.00K ,  30.0,  30.0, 2, R, 429, 740, A1, 18497.9994378K , 1
 2011, HR202,    1.000K ,    1.000K ,  80.0,  80.0, 2, R, 586, 429, A1, 813.9114378K , 1
 2014, HC224,     10.0uF,   1300.0uF,  80.0,  80.0, 4, C, 429, 727, A1, 99999.0000000uF, 1
 2067, HC232,     47.0uF,   1300.0uF,  30.0,  30.0, 8, C, 429, 727, A1, 99999000.0000000uF, 1
 2073, HR222,   100.00K ,   100.00K ,  90.0,  90.0, 2, R, 429, 1276, A1, 24663.9994378K , 1
 2085, SC7,     1.00uF,   600.00uF,  30.0,  30.0, 4, C, 429, 416, A1, 99999.0000000uF, 1
 2087, HR217,   100.00K ,   100.00K ,  90.0,  90.0, 2, R, 429, 492, A1, 18497.9994378K , 1
 2088, HR249,    4.700K ,    4.700K ,  30.0,  30.0, 2, R, 429, 496, A1, 2466.3994378K , 1
 2089, HR160,   100.00K ,    10.00K ,  30.0,  30.0, 2, R, 429, 440, A1, 2466.3994378K , 1
 2091, HR113,   100.00K ,   100.00K ,  90.0,  90.0, 2, R, 429, 1156, A1, 18497.9994378K , 1
 2092, SC1,    10.00uF,   110.00uF,  30.0,  30.0, 4, C, 429, 1167, A1, 99999.0000000uF, 1
 2095, C254,    10.00nF,    10.00nF,  30.0,  30.0, 1, C, 429, 961, A1, 0.0153176nF, 1
 2106, AR136,    1.000  ,    1.000  ,  10.0,  10.0, 0, J, 429, 774, A1, 4.0000000  , 1
 2107, AR132,    1.000  ,    1.000  ,  10.0,  10.0, 0, J, 429, 791, A1, 4.0000000  , 1
 2108, AR135,    1.000  ,    1.000  ,  10.0,  10.0, 0, J, 429, 829, A1, 4.0000000  , 1
 2109, VR513,    2.200K ,    2.200K ,  30.0,  30.0, 2, R, 380, 260, A1, 813.9114378K , 1
 2111, VFB502,    1.000  ,    1.000  ,  10.0,  10.0, 0, J, 271, 265, A1, 4.0000000  , 1
 2113, VFB500,    1.000  ,    1.000  ,  10.0,  10.0, 0, J, 266, 384, A1, 4.0000000  , 1
 2126, PFB280,    1.000  ,    1.000  ,  10.0,  10.0, 0, J, 299, 302, A1, 4.0000000  , 1
 2127, PFB210,    1.000  ,    1.000  ,  10.0,  10.0, 0, J, 299, 302, A1, 4.0000000  , 1
 2128, PFB290,    1.000  ,    1.000  ,  10.0,  10.0, 0, J, 299, 302, A1, 4.0000000  , 1
 2129, PFB220,    1.000  ,    1.000  ,  10.0,  10.0, 0, J, 299, 302, A1, 4.0000000  , 1
 2130, PFB230,    1.000  ,    1.000  ,  10.0,  10.0, 0, J, 299, 302, A1, 4.0000000  , 1
 2131, PFB650,    1.000  ,    1.000  ,  10.0,  10.0, 0, J, 299, 302, A1, 4.0000000  , 1
 2132, PFB240,    1.000  ,    1.000  ,  10.0,  10.0, 0, J, 299, 302, A1, 4.0000000  , 1
 2133, PFB651,    1.000  ,    1.000  ,  10.0,  10.0, 0, J, 299, 302, A1, 4.0000000  , 1
 2141, VFB503,    1.000  ,    1.000  ,  10.0,  10.0, 0, J, 265, 270, A1, 4.0000000  , 1
 2173, HQ102_4_3,    0.600V ,    1.000V ,  30.0,  30.0, 20, QF, 429, 1124, A1, 1.9949897V , 1
 2182, L120_1_2,    1.000  ,    1.000  ,  10.0,  10.0, 0, J, 839, 809, A1, 4.0000000  , 1
 2186, L122_1_2,    1.000  ,    1.000  ,  10.0,  10.0, 0, J, 1297, 808, A1, 4.0000000  , 1
 2213, PQ1000_4_3,    0.600V ,    2.000mA,  30.0,  30.0, 14, QF, 184, 9, A1, 0.0033893mA, 1
 2214, PQ1001_1_6,    0.600V ,    5.000mA,  30.0,  30.0, 14, QF, 21, 429, A1, 0.0029353mA, 1
 2277, PQ930,    1.000V ,    1.510V ,  10.0,  10.0, 20, QF, 639, 918, A1, 1.9944724V , 1
 2278, PQ935,    1.000V ,    1.121V ,  10.0,  10.0, 20, QF, 429, 639, A1, 1.9947152V , 1
 2325, SU1_1_6,    0.700V ,    0.700V ,  85.0,  71.0, 24, U, 429, 1093, B2, 2.0442244V , 1
 2326, SU1_2_6,    0.706V ,    0.706V ,  84.0,  71.0, 24, U, 429, 1092, B2, 2.0552053V , 1
 2327, SU1_4_6,    0.663V ,    0.663V ,  90.0,  69.0, 24, U, 429, 1091, B2, 2.0117884V , 1
 2328, SU1_5_6,    0.682V ,    0.682V ,  90.0,  70.0, 24, U, 429, 1090, B2, 2.0315541V , 1
 2329, SU1_7_6,    0.708V ,    0.708V ,  83.0,  71.0, 24, U, 429, 424, B2, 2.0555432V , 1
 2330, SU1_8_6,    0.686V ,    0.686V ,  89.0,  70.0, 24, U, 429, 1134, B2, 2.0309628V , 1
 2332, SU1_10_6/,    0.678V ,    0.678V ,  90.0,  70.0, 24, U, 429, 1178, B2, 2.0259792V , 1
 2333, SU1_11_6,    0.684V ,    0.684V ,  89.0,  70.0, 24, U, 429, 1175, B2, 2.0317230V , 1
 2334, SU1_12_6,    0.641V ,    0.641V ,  90.0,  68.0, 24, U, 429, 1176, B2, 1.9871236V , 1
 2335, SU1_13_6,    0.703V ,    0.703V ,  84.0,  71.0, 24, U, 429, 1177, B2, 2.0496304V , 1
 2336, SU1_14_6,    0.688V ,    0.688V ,  88.0,  70.0, 24, U, 429, 1174, B2, 2.0360309V , 1
 2337, SU1_16_6,    0.694V ,    0.694V ,  87.0,  71.0, 24, U, 429, 1173, B2, 2.0412680V , 1
 2338, SU1_17_6/,    0.710V ,    0.710V ,  82.0,  71.0, 24, U, 429, 681, B2, 2.0552898V , 1
 2339, SU1_18_6,    0.729V ,    0.729V ,  78.0,  72.0, 24, U, 429, 679, B2, 2.0745486V , 1
 2340, SU1_19_6,    0.710V ,    0.710V ,  83.0,  71.0, 24, U, 429, 680, B2, 2.0557121V , 1
 2341, SU1_20_6,    0.732V ,    0.732V ,  77.0,  72.0, 24, U, 429, 678, B2, 2.0803769V , 1
 2343, SU1_23_6,    0.713V ,    0.713V ,  82.0,  71.0, 24, U, 429, 677, B2, 2.0609492V , 1
 2345, SU1_25_6,    0.710V ,    0.710V ,  83.0,  71.0, 24, U, 429, 469, B2, 2.0552053V , 1
 2346, SU1_26_6,    0.731V ,    0.731V ,  77.0,  72.0, 24, U, 429, 542, B2, 2.0802080V , 1
 2347, SU1_29_6/,    0.580V ,    0.580V ,  90.0,  65.0, 24, U, 429, 1172, B2, 1.9282490V , 1
 2348, SU1_30_6,    0.715V ,    0.715V ,  81.0,  72.0, 24, U, 429, 1170, B2, 2.0602734V , 1
 2349, SU1_31_6,    0.659V ,    0.659V ,  90.0,  69.0, 24, U, 429, 1169, B2, 2.0064669V , 1
 2350, SU1_33_6,    0.455V ,    0.455V ,  90.0,  56.0, 24, U, 429, 1168, B2, 1.8012927V , 1
 2351, SU1_36_6/,    0.562V ,    0.562V ,  90.0,  64.0, 24, U, 429, 433, B2, 1.9094970V , 1
 2352, SU1_37_6,    0.560V ,    0.560V ,  90.0,  64.0, 24, U, 429, 1165, B2, 1.9092436V , 1
 2354, SU1_39_6,    0.567V ,    0.567V ,  90.0,  64.0, 24, U, 429, 1166, B2, 1.9140583V , 1
 2355, SU1_40_6,    0.566V ,    0.566V ,  90.0,  64.0, 24, U, 429, 1160, B2, 1.9138049V , 1
 2356, SU1_41_6,    0.567V ,    0.567V ,  90.0,  64.0, 24, U, 429, 1159, B2, 1.9139738V , 1
 2357, SU1_43_6,    0.561V ,    0.561V ,  90.0,  64.0, 24, U, 429, 1164, B2, 1.9089057V , 1
 2358, SU1_44_6,    0.560V ,    0.560V ,  90.0,  64.0, 24, U, 429, 1157, B2, 1.9088212V , 1
 2359, SU1_46_6,    0.694V ,    0.694V ,  87.0,  71.0, 24, U, 429, 1162, B2, 2.0404233V , 1
 2361, SU1_48_6/,    0.595V ,    0.595V ,  90.0,  66.0, 24, U, 429, 402, B2, 1.9426087V , 1
 2362, SU1_49_6/,    0.597V ,    0.597V ,  90.0,  66.0, 24, U, 429, 405, B2, 1.9431155V , 1
 2363, SU1_51_6,    0.502V ,    0.502V ,  90.0,  60.0, 24, U, 429, 1163, B2, 1.8505379V , 1
 2364, SU1_52_6/,    0.720V ,    0.720V ,  80.0,  72.0, 24, U, 429, 444, B2, 2.0650881V , 1
 2365, SU1_53_6,    0.733V ,    0.733V ,  77.0,  72.0, 24, U, 429, 1063, B2, 2.0802080V , 1
 2368, SU1_58_6,    0.701V ,    0.701V ,  85.0,  71.0, 24, U, 429, 386, B2, 2.0509819V , 1
 2372, SU1_63_6,    0.610V ,    0.610V ,  90.0,  67.0, 24, U, 429, 511, B2, 1.9572217V , 1
 2376, SU1_70_6,    0.722V ,    0.722V ,  79.0,  72.0, 24, U, 429, 394, B2, 2.0701562V , 1
 2380, SU1_75_6,    0.717V ,    0.717V ,  81.0,  72.0, 24, U, 429, 399, B2, 2.0649192V , 1
 2381, SU1_77_6,    0.632V ,    0.632V ,  90.0,  68.0, 24, U, 429, 401, B2, 1.9772408V , 1
 2382, SU1_78_6,    0.634V ,    0.634V ,  90.0,  68.0, 24, U, 429, 470, B2, 1.9820555V , 1
 2383, SU1_79_6,    0.633V ,    0.633V ,  90.0,  68.0, 24, U, 429, 407, B2, 1.9818866V , 1
 2384, SU1_80_6,    0.632V ,    0.632V ,  90.0,  68.0, 24, U, 429, 408, B2, 1.9770718V , 1
 2385, SU1_81_6,    0.718V ,    0.718V ,  81.0,  72.0, 24, U, 429, 403, B2, 2.0647502V , 1
 2386, SU1_82_6,    0.719V ,    0.719V ,  80.0,  72.0, 24, U, 429, 441, B2, 2.0649192V , 1
 2387, SU1_84_6,    0.618V ,    0.618V ,  90.0,  67.0, 24, U, 429, 972, B2, 1.9671890V , 1
 2389, SU1_86_6,    0.617V ,    0.617V ,  90.0,  67.0, 24, U, 429, 974, B2, 1.9620364V , 1
 2390, SU1_87_6,    0.617V ,    0.617V ,  90.0,  67.0, 24, U, 429, 404, B2, 1.9637258V , 1
 2391, SU1_88_6,    0.561V ,    0.541V ,  90.0,  63.0, 24, U, 429, 406, B2, 1.8893090V , 1
 2393, SU1_90_6,    0.608V ,    0.608V ,  90.0,  67.0, 24, U, 429, 409, B2, 1.9524915V , 1
 2395, SU1_92_6,    0.619V ,    0.619V ,  90.0,  67.0, 24, U, 429, 410, B2, 1.9681182V , 1
 2396, SU1_93_6,    0.617V ,    0.617V ,  90.0,  67.0, 24, U, 429, 413, B2, 1.9626277V , 1
 2397, SU1_94_6,    0.617V ,    0.617V ,  90.0,  67.0, 24, U, 429, 411, B2, 1.9632190V , 1
 2398, SU1_95_6,    0.604V ,    0.604V ,  90.0,  66.0, 24, U, 429, 412, B2, 1.9523225V , 1
 2401, SU1_99_6,    0.707V ,    0.707V ,  83.0,  71.0, 24, U, 429, 415, B2, 2.0557966V , 1
 2402, SU1_100_6,    0.723V ,    0.723V ,  79.0,  72.0, 24, U, 429, 417, B2, 2.0706630V , 1
 2403, SU1_101_6,    0.712V ,    0.712V ,  82.0,  71.0, 24, U, 429, 421, B2, 2.0601889V , 1
 2404, SU1_102_6,    0.712V ,    0.712V ,  82.0,  71.0, 24, U, 429, 709, B2, 2.0601045V , 1
 2405, SU1_103_6,    0.713V ,    0.713V ,  82.0,  71.0, 24, U, 429, 707, B2, 2.0608647V , 1
 2406, SU1_104_6,    0.717V ,    0.717V ,  81.0,  72.0, 24, U, 429, 708, B2, 2.0644124V , 1
 2407, SU1_105_6,    0.718V ,    0.718V ,  81.0,  72.0, 24, U, 429, 86, B2, 2.0649192V , 1
 2409, SU1_107_6,    0.716V ,    0.716V ,  81.0,  72.0, 24, U, 429, 88, B2, 2.0650881V , 1
 2410, SU1_108_6,    0.720V ,    0.720V ,  80.0,  72.0, 24, U, 429, 92, B2, 2.0653415V , 1
 2411, SU1_109_6,    0.717V ,    0.717V ,  81.0,  72.0, 24, U, 429, 93, B2, 2.0654260V , 1
 2412, SU1_110_6,    0.717V ,    0.717V ,  81.0,  72.0, 24, U, 429, 94, B2, 2.0652571V , 1
 2413, SU1_111_6,    0.720V ,    0.720V ,  80.0,  72.0, 24, U, 429, 95, B2, 2.0651726V , 1
 2414, SU1_112_6,    0.721V ,    0.721V ,  80.0,  72.0, 24, U, 429, 89, B2, 2.0706630V , 1
 2415, SU1_113_6,    0.721V ,    0.721V ,  80.0,  72.0, 24, U, 429, 90, B2, 2.0700718V , 1
 2416, SU1_114_6,    0.720V ,    0.720V ,  80.0,  72.0, 24, U, 429, 91, B2, 2.0651726V , 1
 2418, SU1_116_6,    0.722V ,    0.722V ,  80.0,  72.0, 24, U, 429, 420, B2, 2.0704941V , 1
 2420, SU1_118_6,    0.734V ,    0.734V ,  77.0,  72.0, 24, U, 429, 1097, B2, 2.0797857V , 1
 2421, SU1_119_6,    0.731V ,    0.731V ,  77.0,  72.0, 24, U, 429, 1096, B2, 2.0802080V , 1
 2422, SU1_120_6/,    0.718V ,    0.718V ,  81.0,  72.0, 24, U, 429, 1094, B2, 2.0645813V , 1
 2423, SU1_121_6,    0.718V ,    0.718V ,  81.0,  72.0, 24, U, 429, 139, B2, 2.0650881V , 1
 2426, SU1_124_6,    0.721V ,    0.721V ,  80.0,  72.0, 24, U, 429, 139, B2, 2.0700718V , 1
 2428, SU1_126_6,    0.718V ,    0.718V ,  80.0,  72.0, 24, U, 429, 423, B2, 2.0651726V , 1
 2430, SU1_128_6,    0.717V ,    0.717V ,  81.0,  72.0, 24, U, 429, 415, B2, 2.0654260V , 1
 2433, SU1_4_3,    0.974V ,    0.974V ,  33.0,  79.0, 24, U, 1091, 924, B2, 2.3190007V , 1
 2435, SU1_7_3,    0.450V ,    0.450V ,  90.0,  55.0, 24, U, 424, 924, B2, 1.7962246V , 1
 2436, SU1_8_3,    0.505V ,    0.505V ,  90.0,  60.0, 24, U, 1134, 924, B2, 1.8506224V , 1
 2437, SU1_10_3/,    1.055V ,    1.055V ,  23.0,  81.0, 24, U, 1178, 924, B2, 2.4024557V , 1
 2441, SU1_16_3,    0.960V ,    0.570V ,  90.0,  64.0, 24, U, 1173, 924, B2, 1.9185351V , 1
 2451, SU1_29_3/,    1.037V ,    1.037V ,  25.0,  80.0, 24, U, 1172, 924, B2, 2.3827745V , 1
 2454, SU1_36_3/,    0.650V ,    0.650V ,  90.0,  69.0, 24, U, 433, 924, B2, 1.9972598V , 1
 2455, SU1_37_3,    0.688V ,    0.688V ,  89.0,  70.0, 24, U, 1165, 924, B2, 2.0361999V , 1
 2457, SU1_39_3,    0.732V ,    0.732V ,  77.0,  72.0, 24, U, 1166, 924, B2, 2.0797012V , 1
 2458, SU1_40_3,    0.743V ,    0.493V ,  90.0,  59.0, 24, U, 1160, 924, B2, 1.8406551V , 1
 2459, SU1_41_3,    0.758V ,    0.758V ,  71.0,  73.0, 24, U, 1159, 924, B2, 2.1047039V , 1
 2460, SU1_43_3,    0.766V ,    0.766V ,  69.0,  73.0, 24, U, 1164, 924, B2, 2.1145022V , 1
 2461, SU1_44_3,    0.774V ,    0.505V ,  90.0,  60.0, 24, U, 1157, 924, B2, 1.8500311V , 1
 2462, SU1_46_3,    1.103V ,    1.103V ,  20.0,  81.0, 24, U, 1162, 924, B2, 2.4511940V , 1
 2466, SU1_51_3,    0.535V ,    0.535V ,  90.0,  62.0, 24, U, 1163, 924, B2, 1.8846632V , 1
 2471, SU1_58_3,    0.968V ,    0.968V ,  34.0,  79.0, 24, U, 386, 924, B2, 2.3141015V , 1
 2479, SU1_70_3,    0.945V ,    0.945V ,  37.0,  78.0, 24, U, 394, 924, B2, 2.2895212V , 1
 2488, SU1_84_3,    0.584V ,    0.584V ,  90.0,  65.0, 24, U, 972, 924, B2, 1.9339929V , 1
 2490, SU1_86_3,    0.581V ,    0.581V ,  90.0,  65.0, 24, U, 974, 924, B2, 1.9283335V , 1
 2491, SU1_87_3,    0.581V ,    0.581V ,  90.0,  65.0, 24, U, 404, 924, B2, 1.9285869V , 1
 2492, SU1_88_3,    0.506V ,    0.468V ,  90.0,  57.0, 24, U, 406, 924, B2, 1.8164971V , 1
 2494, SU1_90_3,    0.569V ,    0.569V ,  90.0,  64.0, 24, U, 409, 924, B2, 1.9188730V , 1
 2496, SU1_92_3,    0.581V ,    0.581V ,  90.0,  65.0, 24, U, 410, 924, B2, 1.9281645V , 1
 2497, SU1_93_3,    0.578V ,    0.578V ,  90.0,  65.0, 24, U, 413, 924, B2, 1.9232654V , 1
 2498, SU1_94_3,    0.578V ,    0.578V ,  90.0,  65.0, 24, U, 411, 924, B2, 1.9237722V , 1
 2499, SU1_95_3,    0.580V ,    0.580V ,  90.0,  65.0, 24, U, 412, 924, B2, 1.9279956V , 1
 2582, AU1_2_49,    0.676V ,    0.676V ,  90.0,  70.0, 24, U, 429, 950, B2, 2.0210800V , 1
 2583, AU1_4_49,    0.659V ,    0.659V ,  90.0,  69.0, 24, U, 429, 944, B2, 2.0067203V , 1
 2584, AU1_5_49,    0.614V ,    0.614V ,  90.0,  67.0, 24, U, 429, 971, B2, 1.9622898V , 1
 2585, AU1_6_49,    0.648V ,    0.648V ,  90.0,  69.0, 24, U, 429, 491, B2, 1.9963307V , 1
 2586, AU1_8_49,    0.644V ,    0.644V ,  90.0,  68.0, 24, U, 429, 945, B2, 1.9924451V , 1
 2590, AU1_13_49,    0.644V ,    0.644V ,  90.0,  68.0, 24, U, 429, 894, B2, 1.9920228V , 1
 2591, AU1_16_49,    0.655V ,    0.655V ,  90.0,  69.0, 24, U, 429, 894, B2, 2.0017367V , 1
 2592, AU1_17_49,    0.654V ,    0.654V ,  90.0,  69.0, 24, U, 429, 781, B2, 2.0010609V , 1
 2593, AU1_18_49,    0.651V ,    0.651V ,  90.0,  69.0, 24, U, 429, 781, B2, 1.9970064V , 1
 2599, AU1_36_49,    0.556V ,    0.556V ,  90.0,  64.0, 24, U, 429, 881, B2, 1.9034997V , 1
 2600, AU1_44_49,    0.566V ,    0.566V ,  90.0,  64.0, 24, U, 429, 935, B2, 1.9140583V , 1
 2601, AU1_45_49/,    0.571V ,    0.571V ,  90.0,  65.0, 24, U, 429, 875, B2, 1.9182817V , 1
 2603, AU1_2_1,    0.700V ,    0.700V ,  85.0,  71.0, 24, U, 950, 942, B2, 2.0460827V , 1
 2604, AU1_4_1,    0.670V ,    0.670V ,  90.0,  70.0, 24, U, 944, 942, B2, 2.0160963V , 1
 2605, AU1_5_1,    1.226V ,    1.226V ,  20.0,  83.0, 24, U, 971, 942, B2, 2.5735890V , 1
 2606, AU1_6_1,    0.558V ,    0.558V ,  90.0,  64.0, 24, U, 491, 942, B2, 1.9037531V , 1
 2607, AU1_8_1,    0.551V ,    0.551V ,  90.0,  63.0, 24, U, 945, 942, B2, 1.8987695V , 1
 2608, AU1_10_1,    0.680V ,    0.680V ,  90.0,  70.0, 24, U, 504, 942, B2, 2.0258102V , 1
 2610, AU1_13_1,    0.699V ,    0.699V ,  85.0,  71.0, 24, U, 781, 942, B2, 2.0462516V , 1
 2611, AU1_18_1,    0.700V ,    0.700V ,  85.0,  71.0, 24, U, 781, 942, B2, 2.0454914V , 1
 2615, AU1_40_1,    0.643V ,    0.643V ,  90.0,  68.0, 24, U, 932, 942, B2, 1.9909247V , 1
 2616, AU1_44_1,    0.949V ,    0.968V ,  34.0,  79.0, 24, U, 935, 942, B2, 2.3139326V , 1
 2617, PU100_4_49,    0.604V ,    0.604V ,  90.0,  66.0, 24, U, 429, 151, B2, 1.9525760V , 1
 2618, PU100_5_49/,    0.595V ,    0.595V ,  90.0,  66.0, 24, U, 429, 150, B2, 1.9435378V , 1
 2619, PU100_6_49,    0.595V ,    0.595V ,  90.0,  66.0, 24, U, 429, 149, B2, 1.9427776V , 1
 2620, PU100_7_49,    0.596V ,    0.596V ,  90.0,  66.0, 24, U, 429, 147, B2, 1.9429465V , 1
 2622, PU100_9_49,    0.598V ,    0.598V ,  90.0,  66.0, 24, U, 429, 174, B2, 1.9431155V , 1
 2626, PU100_16_49,    0.428V ,    0.428V ,  90.0,  53.0, 24, U, 429, 176, B2, 1.7770502V , 1
 2627, PU100_17_49,    0.427V ,    0.427V ,  90.0,  53.0, 24, U, 429, 125, B2, 1.7724044V , 1
 2628, PU100_18_49,    0.430V ,    0.430V ,  90.0,  53.0, 24, U, 429, 164, B2, 1.7765434V , 1
 2629, PU100_19_49,    0.430V ,    0.430V ,  90.0,  53.0, 24, U, 429, 121, B2, 1.7768813V , 1
 2630, PU100_20_49,    0.429V ,    0.429V ,  90.0,  53.0, 24, U, 429, 120, B2, 1.7769658V , 1
 2631, PU100_25_49,    0.561V ,    0.561V ,  90.0,  64.0, 24, U, 429, 14, B2, 1.9090746V , 1
 2632, PU100_26_49/,    0.557V ,    0.557V ,  90.0,  64.0, 24, U, 429, 162, B2, 1.9047667V , 1
 2633, PU100_29_49,    0.601V ,    0.601V ,  90.0,  66.0, 24, U, 429, 156, B2, 1.9475078V , 1
 2634, PU100_30_49,    0.562V ,    0.562V ,  90.0,  64.0, 24, U, 429, 157, B2, 1.9085678V , 1
 2635, PU100_31_49,    0.569V ,    0.569V ,  90.0,  64.0, 24, U, 429, 152, B2, 1.9187040V , 1
 2636, PU100_32_49,    0.600V ,    0.600V ,  90.0,  66.0, 24, U, 429, 160, B2, 1.9482681V , 1
 2637, PU100_35_49,    0.530V ,    0.530V ,  90.0,  62.0, 24, U, 429, 1123, B2, 1.8801019V , 1
 2638, PU100_44_49,    0.531V ,    0.515V ,  90.0,  61.0, 24, U, 429, 154, B2, 1.8596605V , 1
 2639, PU100_47_49,    0.572V ,    0.572V ,  90.0,  65.0, 24, U, 429, 153, B2, 1.9190419V , 1
 2640, PU100_48_49,    0.572V ,    0.572V ,  90.0,  65.0, 24, U, 429, 1, B2, 1.9184506V , 1
 2643, PU100_14_46/,    0.609V ,    0.609V ,  90.0,  67.0, 24, U, 170, 168, B2, 1.9581509V , 1
 2647, PU100_38_46/,    0.601V ,    0.601V ,  90.0,  66.0, 24, U, 163, 168, B2, 1.9475923V , 1
 2648, PU100_44_46,    1.276V ,    1.078V ,  20.0,  81.0, 24, U, 154, 168, B2, 2.4265292V , 1
 2649, PU100_45_46/,    0.602V ,    0.602V ,  90.0,  66.0, 24, U, 165, 168, B2, 1.9478457V , 1
 2650, VU501_2_41,    0.548V ,    0.548V ,  90.0,  63.0, 24, U, 429, 267, B2, 1.8937858V , 1
 2651, VU501_3_41,    0.552V ,    0.552V ,  90.0,  63.0, 24, U, 429, 258, B2, 1.8991073V , 1
 2652, VU501_4_41,    0.552V ,    0.552V ,  90.0,  63.0, 24, U, 429, 257, B2, 1.8994452V , 1
 2653, VU501_5_41,    0.552V ,    0.552V ,  90.0,  63.0, 24, U, 429, 263, B2, 1.8990229V , 1
 2654, VU501_6_41,    0.561V ,    0.561V ,  90.0,  64.0, 24, U, 429, 259, B2, 1.9089902V , 1
 2655, VU501_8_41,    0.556V ,    0.556V ,  90.0,  64.0, 24, U, 429, 264, B2, 1.9043444V , 1
 2656, VU501_9_41,    0.554V ,    0.554V ,  90.0,  63.0, 24, U, 429, 382, B2, 1.8991918V , 1
 2663, VU501_24_41,    0.718V ,    0.718V ,  80.0,  72.0, 24, U, 429, 279, B2, 2.0655105V , 1
 2664, VU501_25_41,    0.720V ,    0.720V ,  80.0,  72.0, 24, U, 429, 277, B2, 2.0651726V , 1
 2665, VU501_27_41,    0.680V ,    0.680V ,  90.0,  70.0, 24, U, 429, 273, B2, 2.0253034V , 1
 2666, VU501_28_41,    0.688V ,    0.688V ,  88.0,  70.0, 24, U, 429, 146, B2, 2.0362843V , 1
 2667, VU501_29_41,    0.683V ,    0.683V ,  90.0,  70.0, 24, U, 429, 276, B2, 2.0314696V , 1
 2668, VU501_30_41,    0.691V ,    0.691V ,  88.0,  71.0, 24, U, 429, 145, B2, 2.0359465V , 1
 2688, VU501_27_21,    0.909V ,    0.909V ,  43.0,  77.0, 24, U, 273, 274, B2, 2.2553114V , 1
 2689, VU501_28_21,    0.976V ,    0.976V ,  33.0,  79.0, 24, U, 146, 274, B2, 2.3244912V , 1
 2690, VU501_29_21,    1.017V ,    1.017V ,  27.0,  80.0, 24, U, 276, 274, B2, 2.3636001V , 1
 2691, VU501_30_21,    1.034V ,    1.034V ,  25.0,  80.0, 24, U, 145, 274, B2, 2.3826900V , 1
 2697, XMM1_8_9/,    0.637V ,    0.637V ,  90.0,  68.0, 24, U, 429, 426, A1, 1.9814642V , 1
 2698, XMM1_26_9,    0.496V ,    0.496V ,  90.0,  59.0, 24, U, 429, 591, A1, 1.8458921V , 1
 2699, XMM1_31_9,    0.424V ,    0.424V ,  90.0,  52.0, 24, U, 429, 698, A1, 1.7719821V , 1
 2700, XMM1_41_9/,    0.800V ,    0.800V ,  62.0,  75.0, 24, U, 429, 1074, A1, 2.1487965V , 1
 2701, XMM1_57_9,    0.648V ,    0.648V ,  90.0,  69.0, 24, U, 429, 872, A1, 1.9964996V , 1
 2702, XMM1_80_9,    0.373V ,    0.373V ,  90.0,  46.0, 24, U, 429, 598, A1, 1.7181756V , 1
 2704, XMM1_88_9,    0.537V ,    0.537V ,  90.0,  62.0, 24, U, 429, 438, A1, 1.8844943V , 1
 2707, XMM1_126_9,    0.785V ,    0.785V ,  65.0,  74.0, 24, U, 429, 434, A1, 2.1344368V , 1
 2708, XMM1_134_9,    1.049V ,    1.049V ,  23.0,  80.0, 24, U, 429, 19, A1, 2.3965429V , 1
 2709, XMM1_163_9/,    0.775V ,    0.775V ,  67.0,  74.0, 24, U, 429, 1042, A1, 2.1236249V , 1
 2710, XMM1_202_9,    0.662V ,    0.662V ,  90.0,  69.0, 24, U, 429, 178, A1, 2.0117884V , 1
 2711, XMM1_206_9/,    0.375V ,    0.375V ,  90.0,  46.0, 24, U, 429, 582, A1, 1.7234971V , 1
 2712, XMM1_221_9,    0.373V ,    0.373V ,  90.0,  46.0, 24, U, 429, 580, A1, 1.7183446V , 1
 2713, XMM1_241_9,    0.646V ,    0.646V ,  90.0,  69.0, 24, U, 429, 871, A1, 1.9915160V , 1
 2717, XMM1_8_1/,    0.798V ,    0.534V ,  90.0,  62.0, 24, U, 426, 1114, A1, 1.8797640V , 1
 2718, XMM1_26_1,    0.723V ,    0.723V ,  79.0,  72.0, 24, U, 591, 1114, A1, 2.0700718V , 1
 2719, XMM1_31_1,    0.713V ,    0.713V ,  82.0,  71.0, 24, U, 698, 1114, A1, 2.0606958V , 1
 2720, XMM1_41_1/,    1.008V ,    1.008V ,  28.0,  80.0, 24, U, 1074, 1114, A1, 2.3534639V , 1
 2721, XMM1_80_1,    0.815V ,    0.466V ,  90.0,  57.0, 24, U, 598, 1114, A1, 1.8117668V , 1
 2727, XMM1_163_1/,    0.872V ,    0.872V ,  49.0,  77.0, 24, U, 1042, 1114, A1, 2.2211861V , 1
 2728, XMM1_202_1,    0.984V ,    0.984V ,  32.0,  79.0, 24, U, 178, 1114, A1, 2.3336138V , 1
 2729, XMM1_206_1/,    0.787V ,    0.787V ,  65.0,  74.0, 24, U, 582, 1114, A1, 2.1335077V , 1
 2730, XMM1_221_1,    0.840V ,    0.840V ,  54.0,  76.0, 24, U, 580, 1114, A1, 2.1873986V , 1
 2734, XMM2_16_9,    0.349V ,    0.349V ,  90.0,  42.0, 24, U, 429, 578, A1, 1.6945244V , 1
 2735, XMM2_22_9,    0.498V ,    0.498V ,  90.0,  59.0, 24, U, 429, 597, A1, 1.8451319V , 1
 2741, XMM2_87_9/,    0.394V ,    0.394V ,  90.0,  49.0, 24, U, 429, 1066, A1, 1.7425026V , 1
 2744, XMM2_134_9,    0.366V ,    0.366V ,  90.0,  45.0, 24, U, 429, 586, A1, 1.7132764V , 1
 2745, XMM2_138_9/,    0.808V ,    0.808V ,  60.0,  75.0, 24, U, 429, 1017, A1, 2.1532733V , 1
 2748, XMM2_158_9,    0.378V ,    0.378V ,  90.0,  47.0, 24, U, 429, 583, A1, 1.7234971V , 1
 2750, XMM2_190_9/,    0.440V ,    0.440V ,  90.0,  54.0, 24, U, 429, 1024, A1, 1.7857505V , 1
 2753, XMM2_206_9,    0.418V ,    0.418V ,  90.0,  52.0, 24, U, 429, 603, A1, 1.7680121V , 1
 2754, XMM2_217_9,    0.793V ,    0.793V ,  63.0,  74.0, 24, U, 429, 531, A1, 2.1390826V , 1
 2755, XMM2_221_9,    0.417V ,    0.417V ,  90.0,  52.0, 24, U, 429, 607, A1, 1.7625216V , 1
 2757, XMM2_245_9,    0.497V ,    0.497V ,  90.0,  59.0, 24, U, 429, 594, A1, 1.8453853V , 1
 2758, XMM2_248_9,    0.699V ,    0.699V ,  86.0,  71.0, 24, U, 429, 966, A1, 2.0461672V , 1
 2763, XMM2_16_1,    0.701V ,    0.701V ,  85.0,  71.0, 24, U, 578, 1114, A1, 2.0512353V , 1
 2764, XMM2_22_1,    0.990V ,    0.990V ,  31.0,  79.0, 24, U, 597, 1114, A1, 2.3396955V , 1
 2769, XMM2_134_1,    0.696V ,    0.696V ,  86.0,  71.0, 24, U, 586, 1114, A1, 2.0454069V , 1
 2772, XMM2_158_1,    0.817V ,    0.817V ,  59.0,  75.0, 24, U, 583, 1114, A1, 2.1631562V , 1
 2773, XMM2_190_1/,    0.931V ,    0.931V ,  39.0,  78.0, 24, U, 1024, 1114, A1, 2.2803141V , 1
 2775, XMM2_206_1,    0.880V ,    0.880V ,  47.0,  77.0, 24, U, 603, 1114, A1, 2.2265921V , 1
 2777, XMM2_221_1,    0.906V ,    0.906V ,  43.0,  77.0, 24, U, 607, 1114, A1, 2.2554803V , 1
 2778, XMM2_222_1,    1.232V ,    1.232V ,  20.0,  83.0, 24, U, 589, 1114, A1, 2.5777280V , 1
 2780, XMM2_245_1,    0.762V ,    0.762V ,  70.0,  73.0, 24, U, 594, 1114, A1, 2.1096031V , 1
 2785, XMM2_22_77,    0.671V ,    0.671V ,  90.0,  70.0, 24, U, 597, 302, A1, 2.0164342V , 1
 2788, XMM2_87_77/,    1.269V ,    1.058V ,  22.0,  81.0, 24, U, 1066, 302, A1, 2.4069325V , 1
 2791, XMM2_138_77/,    1.324V ,    1.086V ,  20.0,  81.0, 24, U, 1017, 302, A1, 2.4319352V , 1
 2798, XMM2_217_77,    1.037V ,    0.765V ,  69.0,  73.0, 24, U, 531, 302, A1, 2.1140799V , 1
 2800, XMM2_222_77,    1.061V ,    1.061V ,  22.0,  81.0, 24, U, 589, 302, A1, 2.4074393V , 1
 2802, XMM2_245_77,    0.769V ,    0.769V ,  69.0,  73.0, 24, U, 594, 302, A1, 2.1140799V , 1
 2808, XJ100_12_2,    0.892V ,    0.892V ,  45.0,  77.0, 24, U, 429, 53, A1, 2.2406983V , 1
 2809, XJ100_14_2,    0.374V ,    0.374V ,  90.0,  46.0, 24, U, 429, 54, A1, 1.7234971V , 1
 2811, XJ100_17_2,    0.393V ,    0.393V ,  90.0,  49.0, 24, U, 429, 51, A1, 1.7382791V , 1
 2812, XJ100_18_2,    0.394V ,    0.394V ,  90.0,  49.0, 24, U, 429, 55, A1, 1.7430938V , 1
 2813, XJ100_24_2,    0.971V ,    0.971V ,  33.0,  79.0, 24, U, 429, 81, A1, 2.3195075V , 1
 2814, XJ100_25_2,    0.971V ,    0.971V ,  33.0,  79.0, 24, U, 429, 59, A1, 2.3182405V , 1
 2816, XJ100_30_2,    0.793V ,    0.793V ,  63.0,  74.0, 24, U, 429, 662, A1, 2.1385758V , 1
 2817, XJ100_31_2,    0.795V ,    0.795V ,  63.0,  74.0, 24, U, 429, 61, A1, 2.1438973V , 1
 2825, XJ100_14_3,    0.638V ,    0.638V ,  90.0,  68.0, 24, U, 54, 77, A1, 1.9868702V , 1
 2827, XJ100_17_3,    1.280V ,    1.280V ,  20.0,  84.0, 24, U, 51, 77, A1, 2.6268887V , 1
 2830, XJ100_30_3,    0.864V ,    0.864V ,  50.0,  76.0, 24, U, 662, 77, A1, 2.2116411V , 1
 2831, XJ100_31_3,    1.072V ,    1.072V ,  21.0,  81.0, 24, U, 61, 77, A1, 2.4226437V , 1
 2835, XJ300_9_1,    1.215V ,    1.024V ,  27.0,  80.0, 24, U, 1065, 429, A1, 2.3733140V , 1
 2836, XJ300_10_1,    0.787V ,    0.624V ,  90.0,  67.0, 24, U, 1072, 429, A1, 1.9722571V , 1
 2839, XJ300_21_1,    1.201V ,    0.969V ,  34.0,  79.0, 24, U, 1003, 429, A1, 2.3147773V , 1
 2840, XJ300_22_1,    0.917V ,    0.650V ,  90.0,  69.0, 24, U, 1012, 429, A1, 1.9970064V , 1
 2842, XJ300_24_1,    0.841V ,    0.622V ,  90.0,  67.0, 24, U, 1013, 429, A1, 1.9676958V , 1
 2843, XJ300_26_1,    0.953V ,    0.702V ,  85.0,  71.0, 24, U, 1010, 429, A1, 2.0498838V , 1
 2844, XJ300_28_1,    0.819V ,    0.670V ,  90.0,  70.0, 24, U, 1022, 429, A1, 2.0160963V , 1
 2847, XJ300_39_1,    0.473V ,    0.473V ,  90.0,  57.0, 24, U, 1007, 429, A1, 1.8214807V , 1
 2850, XJ300_45_1,    0.814V ,    0.688V ,  88.0,  70.0, 24, U, 1009, 429, A1, 2.0360309V , 1
 2852, XJ300_47_1,    0.798V ,    0.798V ,  62.0,  74.0, 24, U, 1070, 429, A1, 2.1429682V , 1
 2860, XJ400_5_1,    0.484V ,    0.484V ,  90.0,  58.0, 24, U, 429, 909, A1, 1.8300965V , 1
 2862, XJ400_17_1,    0.485V ,    0.485V ,  90.0,  58.0, 24, U, 429, 906, A1, 1.8304344V , 1
 2863, XJ400_29_1,    0.483V ,    0.483V ,  90.0,  58.0, 24, U, 429, 903, A1, 1.8312791V , 1
 2866, XJ400_41_1,    0.486V ,    0.486V ,  90.0,  58.0, 24, U, 429, 907, A1, 1.8358404V , 1
 2867, XJ400_50_1,    0.831V ,    0.831V ,  56.0,  75.0, 24, U, 429, 915, A1, 2.1776847V , 1
 2868, XJ400_52_1,    0.797V ,    0.797V ,  63.0,  74.0, 24, U, 429, 964, A1, 2.1434750V , 1
 2870, XJ400_54_1,    0.801V ,    0.801V ,  62.0,  75.0, 24, U, 429, 916, A1, 2.1485431V , 1
 2871, XJ400_55_1,    0.372V ,    0.372V ,  90.0,  46.0, 24, U, 429, 963, A1, 1.7189358V , 1
 2872, XJ400_60_1,    0.990V ,    0.990V ,  31.0,  79.0, 24, U, 429, 936, A1, 2.3385129V , 1
 2874, XJ400_5_2,    0.918V ,    0.918V ,  41.0,  78.0, 24, U, 909, 1132, A1, 2.2651097V , 1
 2876, XJ400_17_2,    0.944V ,    0.944V ,  37.0,  78.0, 24, U, 906, 1132, A1, 2.2906193V , 1
 2877, XJ400_29_2,    0.971V ,    0.971V ,  33.0,  79.0, 24, U, 903, 1132, A1, 2.3193386V , 1
 2880, XJ400_41_2,    1.012V ,    1.012V ,  28.0,  80.0, 24, U, 907, 1132, A1, 2.3577718V , 1
 2882, XJ400_52_2,    0.950V ,    0.950V ,  36.0,  78.0, 24, U, 964, 1132, A1, 2.2992351V , 1
 2884, XJ400_54_2,    1.016V ,    1.016V ,  27.0,  80.0, 24, U, 916, 1132, A1, 2.3636846V , 1
 2885, XJ400_55_2,    1.036V ,    1.036V ,  25.0,  80.0, 24, U, 963, 1132, A1, 2.3831968V , 1
 2886, XJ400_60_2,    1.001V ,    1.001V ,  29.0,  80.0, 24, U, 936, 1132, A1, 2.3494939V , 1
 2888, REU1_6_3,    0.723V ,    0.723V ,  79.0,  72.0, 24, U, 429, 850, A1, 2.0696494V , 1
 2889, REU1_7_3,    0.728V ,    0.728V ,  78.0,  72.0, 24, U, 429, 845, A1, 2.0749709V , 1
 2890, REU1_14_3,    0.731V ,    0.731V ,  77.0,  72.0, 24, U, 429, 855, A1, 2.0802080V , 1
 2891, REU1_15_3,    0.735V ,    0.735V ,  76.0,  72.0, 24, U, 429, 853, A1, 2.0808837V , 1
 2895, REU1_23_3,    0.740V ,    0.740V ,  75.0,  72.0, 24, U, 429, 847, A1, 2.0896685V , 1
 2896, REU1_24_3,    0.740V ,    0.740V ,  75.0,  72.0, 24, U, 429, 851, A1, 2.0891617V , 1
 2897, REU1_28_3,    0.768V ,    0.768V ,  69.0,  73.0, 24, U, 429, 1300, A1, 2.1146712V , 1
 2900, REU1_32_3,    0.740V ,    0.740V ,  75.0,  72.0, 24, U, 429, 843, A1, 2.0897529V , 1
 2904, REU1_28_13,    0.696V ,    0.696V ,  86.0,  71.0, 24, U, 1300, 854, A1, 2.0454914V , 1
 2906, XJ500_5_1,    0.478V ,    0.478V ,  90.0,  58.0, 24, U, 429, 758, A1, 1.8255352V , 1
 2908, XJ500_17_1,    0.478V ,    0.478V ,  90.0,  58.0, 24, U, 429, 761, A1, 1.8263799V , 1
 2910, XJ500_29_1,    0.478V ,    0.478V ,  90.0,  58.0, 24, U, 429, 1238, A1, 1.8257886V , 1
 2911, XJ500_31_1,    0.477V ,    0.477V ,  90.0,  58.0, 24, U, 429, 513, A1, 1.8265488V , 1
 2913, XJ500_41_1,    0.480V ,    0.480V ,  90.0,  58.0, 24, U, 429, 1240, A1, 1.8257041V , 1
 2914, XJ500_43_1,    0.478V ,    0.478V ,  90.0,  58.0, 24, U, 429, 515, A1, 1.8257041V , 1
 2915, XJ500_50_1,    0.852V ,    0.852V ,  52.0,  76.0, 24, U, 429, 756, A1, 2.1972815V , 1
 2916, XJ500_52_1,    0.792V ,    0.792V ,  64.0,  74.0, 24, U, 429, 753, A1, 2.1389137V , 1
 2917, XJ500_53_1,    0.369V ,    0.369V ,  90.0,  45.0, 24, U, 429, 755, A1, 1.7189358V , 1
 2918, XJ500_54_1,    0.796V ,    0.796V ,  63.0,  74.0, 24, U, 429, 754, A1, 2.1432216V , 1
 2919, XJ500_60_1,    0.985V ,    0.985V ,  32.0,  79.0, 24, U, 429, 747, A1, 2.3336138V , 1
 2921, XJ500_5_2,    0.936V ,    0.936V ,  38.0,  78.0, 24, U, 758, 1132, A1, 2.2850443V , 1
 2923, XJ500_17_2,    0.982V ,    0.982V ,  32.0,  79.0, 24, U, 761, 1132, A1, 2.3288835V , 1
 2925, XJ500_29_2,    1.025V ,    1.025V ,  26.0,  80.0, 24, U, 1238, 1132, A1, 2.3730606V , 1
 2926, XJ500_31_2,    1.043V ,    1.043V ,  24.0,  80.0, 24, U, 513, 1132, A1, 2.3923194V , 1
 2928, XJ500_41_2,    1.051V ,    1.051V ,  23.0,  80.0, 24, U, 1240, 1132, A1, 2.3973876V , 1
 2929, XJ500_43_2,    1.068V ,    1.068V ,  21.0,  81.0, 24, U, 515, 1132, A1, 2.4168998V , 1
 2931, XJ500_52_2,    0.882V ,    0.882V ,  47.0,  77.0, 24, U, 753, 1132, A1, 2.2306466V , 1
 2932, XJ500_53_2,    1.040V ,    1.040V ,  24.0,  80.0, 24, U, 755, 1132, A1, 2.3873358V , 1
 2933, XJ500_54_2,    1.032V ,    1.032V ,  25.0,  80.0, 24, U, 754, 1132, A1, 2.3784666V , 1
 2934, XJ500_60_2,    1.011V ,    1.011V ,  28.0,  80.0, 24, U, 747, 1132, A1, 2.3581941V , 1
 2941, XJ1_16_3,    0.370V ,    0.370V ,  90.0,  45.0, 24, U, 429, 32, A1, 1.7185135V , 1
 2946, XJ1_27_3,    0.501V ,    0.501V ,  90.0,  60.0, 24, U, 429, 767, A1, 1.8500311V , 1
 2952, XJ1_41_3,    0.502V ,    0.502V ,  90.0,  60.0, 24, U, 429, 642, A1, 1.8504534V , 1
 2955, XJ1_46_3,    0.500V ,    0.500V ,  90.0,  60.0, 24, U, 429, 521, A1, 1.8452164V , 1
 2956, XJ1_49_3,    0.502V ,    0.502V ,  90.0,  60.0, 24, U, 429, 524, A1, 1.8499466V , 1
 2984, XJ1_16_4,    1.058V ,    1.058V ,  22.0,  81.0, 24, U, 32, 71, A1, 2.4070170V , 1

Open < 751> <   3  751 > -> <751>-m0173 Parts:PR1107-NP; <3>-m0176 Parts:PR1107-NP
Open < 602> <   5  602 > -> <602>-+VCC1P05_OUT Parts:XMM1.144; <5>-+VCC1P05_PROC Parts:PR117-NP
Open < 610> <   6  610 1244 > -> <610>-VCCST_OVERRIDE Parts:HR238; <6>-VCCST_OVRD Parts:PR1109
Open <1244> <   6  610 1244 > -> <1244>-VCCST_PWRGD_SX Parts:HR240; <6>-VCCST_OVRD Parts:PR1109
Open <1128> <   7  438 1128 > -> <1128>-m0167 Parts:PR1147-NP; <7>-m0174 Parts:PR1137-NP
Open <  18> <   8   18 > -> <18>-PCH_PWROK Parts:HR229; <8>-PCH_PWROK_R Parts:HR221
Open < 179> <  21   82  179 1172 > -> <179>-VCORE_EN Parts:PU100.33; <21>-VCORE_EN_R Parts:PR1006-NP
Open <1172> <  21   82  179 1172 > -> <1172>-SIO_GP13 Parts:SU1.29; <21>-VCORE_EN_R Parts:PR1006-NP
Open <  52> <  34   52  266  274  384  778  942  943 1132 > -> <52>-+3V3_PCIEX1 Parts:XJ100.27; <34>-+3V3_PCIEX16 Parts:XJ1.92
Open < 266> <  34   52  266  274  384  778  942  943 1132 > -> <266>-m0250 Parts:VU501.40; <34>-+3V3_PCIEX16 Parts:XJ1.92
Open < 274> <  34   52  266  274  384  778  942  943 1132 > -> <274>-m0247 Parts:VU501.21; <34>-+3V3_PCIEX16 Parts:XJ1.92
Open < 384> <  34   52  266  274  384  778  942  943 1132 > -> <384>-m0251 Parts:VU501.26; <34>-+3V3_PCIEX16 Parts:XJ1.92
