1,425,IPS3_15IRH_I513420,6783001SU2,20260722,152450,F,0,2,,FFPFFPPPPPNN,1,F,4,20260722,152437,0,,,0,0,12.34 sec

 290, RI220,     2.70K ,   186.00K ,  20.0,  20.0, 2, R, 321, 362, A1, 7657.7498172K , 1
 331, RK226,   200.00K ,    19.00K ,  20.0,  20.0, 2, R, 321, 249, A1, 1725.5127167K , 1
 357, RC36,    39.00  ,    49.39  ,  20.0,  20.0, 2, R, 321, 192, A1, 12284.2308551  , 1
 470, PC206/PC209-NP,    1.000nF,    2.830nF,  30.0,  30.0, 0, C, 321, 64, A1, 0.0098166nF, 1
 500, PC1202/PC1212-NP,     2.20uF,   148.00uF,  20.0,  20.0, 4, C, 321, 577, A1, 99999.0000000uF, 1
 744, PR1009,    10.00K ,    10.00K ,  20.0,  20.0, 0, R, 321, 165, A1, 99999.9000000K , 1
 768, PR1625,    30.10K ,   300.00K ,  20.0,  20.0, 2, R, 321, 748, A1, 16100.3654622K , 1
 771, RC188,   200.00  ,   200.00  ,  20.0,  20.0, 2, R, 321, 580, A1, 41556.7404307  , 1
 772, RC162,   110.00  ,   110.00  ,  20.0,  20.0, 0, R, 321, 501, A1, 99999.9000000  , 1
 776, RC19,   150.00  ,   150.00  ,  30.0,  30.0, 0, R, 321, 676, A1, 99999.9000000  , 1
 781, RI111,    75.00K ,    15.51K ,  20.0,  20.0, 2, R, 321, 812, A1, 9872.1987085K , 1
 788, RV503,    20.00K ,    20.00K ,  20.0,  20.0, 2, R, 321, 90, A1, 8525.4121828K , 1
 818, RC43,    49.90  ,    49.90  ,  20.0,  20.0, 0, R, 321, 583, A1, 99999.9000000  , 1
 892, CK26/CK19-NP,    10.00uF,    22.00uF,  40.0,  20.0, 4, C, 321, 807, A1, 99999.0000000uF, 1
 902, PC5601/PC5613-NP,     2.20uF,   146.00uF,  20.0,  20.0, 8, C, 321, 36, A1, 99999.0000000uF, 1
 907, PC5912/PC5913,    22.00uF,    88.00uF,  20.0,  20.0, 4, C, 321, 108, A1, 99999.0000000uF, 1
 1024, PC5332/PC5355-NP,    10.00uF,    30.26uF,  30.0,  30.0, 4, C, 321, 322, A1, 99999.0000000uF, 1
 1116, CI107,   100.00nF,   100.00nF,  40.0,  40.0, 9, C, 321, 812, A1, 0.4192011nF, 1
 1152, CU58/CU271,   10.000uF,    7.000uF,  30.0,  20.0, 0, C, 321, 231, A1, 0.0058957uF, 1
 1185, PC217/CU273-NP,    4.700uF,    4.804uF,  20.0,  20.0, 0, C, 321, 638, A1, 0.0144750uF, 1
 1192, CE4/CE3-NP,   100.00nF,    26.03nF,  20.0,  20.0, 1, C, 321, 726, A1, 0.1006874nF, 1
 1337, PR5315,    20.00K ,    20.00K ,  20.0,  20.0, 2, R, 321, 644, A1, 6088.4605407K , 1
 1369, RC344,   100.00K ,   100.00K ,  20.0,  30.0, 2, R, 321, 815, A1, 42259.9404169K , 1
 1419, RC160,    10.00K ,    10.00K ,  20.0,  20.0, 0, R, 321, 368, A1, 99999.9000000K , 1
 1420, RC161,    10.00K ,    10.00K ,  20.0,  20.0, 0, R, 321, 363, A1, 99999.9000000K , 1
 1443, PR226,   100.00K ,   100.00K ,  20.0,  20.0, 2, R, 321, 808, A1, 4384.7682590K , 1
 1444, PR232,   100.00K ,   100.00K ,  20.0,  20.0, 2, R, 321, 139, A1, 6657.8673576K , 1
 1461, PR5910,   100.00K ,   100.00K ,  20.0,  20.0, 2, R, 321, 33, A1, 19894.4215645K , 1
 1463, RI201,   100.00K ,   100.00K ,  20.0,  20.0, 2, R, 321, 495, A1, 85057.0841101K , 1
 1467, RN22,   100.00K ,   100.00K ,  20.0,  20.0, 2, R, 321, 710, A1, 7777.4003716K , 1
 1631, PR1626,    32.40K ,   340.00K ,  20.0,  20.0, 2, R, 321, 41, A1, 97318.4446624K , 1
 1725, PC1647/PC1648,     2.20uF,   150.00uF,  20.0,  20.0, 4, C, 321, 796, A1, 99999.0000000uF, 1
 1745, CR22,    10.00uF,    10.00uF,  40.0,  20.0, 0, C, 321, 486, A1, 0.0056766uF, 1
 1793, PQ1101_1_5,    0.600V ,    8.000mA,  30.0,  30.0, 14, QF, 321, 69, A1, 0.0066057mA, 1
 1794, PQ1102_1_5,    0.600V ,    6.000mA,  30.0,  30.0, 14, QF, 321, 293, A1, 0.0068050mA, 1
 1797, PQ1121_1_5,    0.600V ,    8.000mA,  30.0,  30.0, 14, QF, 321, 69, A1, 0.0072035mA, 1
 1799, PQ1124_1_5,    0.600V ,    7.000mA,  30.0,  30.0, 14, QF, 321, 293, A1, 0.0071537mA, 1
 1802, PQ1201_1_8,     0.60V ,    10.00mA,  30.0,  30.0, 14, QF, 321, 578, A1, 0.0073131mA, 1
 1804, PQ1206_1_8,     0.60V ,    10.00mA,  30.0,  30.0, 14, QF, 321, 578, A1, 0.0068349mA, 1
 1809, PQ1603_1_5,    0.600V ,    8.000mA,  30.0,  30.0, 14, QF, 321, 796, A1, 0.0071039mA, 1
 1810, PQ1604_1_5,     0.60V ,    10.00mA,  30.0,  30.0, 14, QF, 321, 796, A1, 0.0070939mA, 1
 1812, PQ201_4_3,    0.600V ,    7.000mA,  30.0,  30.0, 14, QF, 321, 20, A1, 0.0069943mA, 1
 1814, PQ202_4_3,    0.600V ,    7.000mA,  80.0,  80.0, 14, QF, 321, 792, A1, 0.0070441mA, 1
 1847, RPC221_2_3,    10.00K ,    10.00K ,  10.0,  10.0, 0, R, 365, 321, A1, 29.8480272K , 1
 1909, UB2_1_4,    0.771V ,    0.771V ,  68.0,  74.0, 2, U, 321, 454, B2, 2.1160664V , 1
 1911, UE1_1_35/,    0.692V ,    0.692V ,  87.0,  71.0, 2, U, 321, 35, B2, 2.0374751V , 1
 1914, UE1_5_35,    0.862V ,    0.862V ,  50.0,  76.0, 2, U, 321, 300, B2, 2.2079688V , 1
 1915, UE1_6_35,    0.768V ,    0.768V ,  69.0,  73.0, 2, U, 321, 468, B2, 2.1107260V , 1
 1916, UE1_7_35,    0.749V ,    0.749V ,  73.0,  73.0, 2, U, 321, 482, B2, 2.0906398V , 1
 1917, UE1_8_35,    0.864V ,    0.864V ,  50.0,  76.0, 2, U, 321, 302, B2, 2.2079688V , 1
 1919, UE1_13_35,    0.819V ,    0.819V ,  58.0,  75.0, 2, U, 321, 808, B2, 2.1642096V , 1
 1920, UE1_14_35/,    0.616V ,    0.616V ,  90.0,  67.0, 2, U, 321, 293, B2, 1.9590433V , 1
 1923, UE1_18_35,    0.747V ,    0.747V ,  74.0,  73.0, 2, U, 321, 485, B2, 2.0908789V , 1
 1924, UE1_19_35,    0.764V ,    0.764V ,  70.0,  73.0, 2, U, 321, 484, B2, 2.1058639V , 1
 1925, UE1_20_35,    0.622V ,    0.622V ,  90.0,  67.0, 2, U, 321, 140, B2, 1.9643039V , 1
 1928, UE1_25_35,    0.717V ,    0.717V ,  81.0,  72.0, 2, U, 321, 140, B2, 2.0620249V , 1
 1930, UE1_27_35,    0.692V ,    0.692V ,  87.0,  71.0, 2, U, 321, 338, B2, 2.0376345V , 1
 1933, UE1_30_35,    0.679V ,    0.679V ,  90.0,  70.0, 2, U, 321, 221, B2, 2.0226496V , 1
 1934, UE1_36_35,    0.733V ,    0.733V ,  77.0,  72.0, 2, U, 321, 44, B2, 2.0766911V , 1
 1935, UE1_38_35,    0.493V ,    0.493V ,  90.0,  59.0, 2, U, 321, 305, B2, 1.8374898V , 1
 1938, UE1_43_35,    0.750V ,    0.750V ,  73.0,  73.0, 2, U, 321, 88, B2, 2.0960599V , 1
 1940, UE1_47_35/,    0.809V ,    0.809V ,  60.0,  75.0, 2, U, 321, 298, B2, 2.1544853V , 1
 1941, UE1_48_35,    0.747V ,    0.747V ,  74.0,  73.0, 2, U, 321, 42, B2, 2.0907992V , 1
 1945, UE1_55_35,    0.764V ,    0.764V ,  70.0,  73.0, 2, U, 321, 325, B2, 2.1061827V , 1
 1946, UE1_58_35,    0.859V ,    0.859V ,  51.0,  76.0, 2, U, 321, 312, B2, 2.2028675V , 1
 1950, UE1_65_35/,    0.810V ,    0.810V ,  60.0,  75.0, 2, U, 321, 304, B2, 2.1548041V , 1
 1952, UE1_68_35,    0.606V ,    0.606V ,  90.0,  67.0, 2, U, 321, 314, B2, 1.9493987V , 1
 1953, UE1_69_35,    0.657V ,    0.657V ,  90.0,  69.0, 2, U, 321, 327, B2, 2.0034402V , 1
 1954, UE1_70_35,    0.657V ,    0.657V ,  90.0,  69.0, 2, U, 321, 217, B2, 2.0029619V , 1
 1955, UE1_71_35,    0.744V ,    0.744V ,  74.0,  73.0, 2, U, 321, 343, B2, 2.0861762V , 1
 1956, UE1_73_35/,    0.714V ,    0.714V ,  81.0,  72.0, 2, U, 321, 307, B2, 2.0574019V , 1
 1958, UE1_75_35/,    0.746V ,    0.746V ,  74.0,  73.0, 2, U, 321, 469, B2, 2.0912775V , 1
 1960, UE1_77_35,    0.658V ,    0.658V ,  90.0,  69.0, 2, U, 321, 329, B2, 2.0030416V , 1
 1961, UE1_78_35,    0.657V ,    0.657V ,  90.0,  69.0, 2, U, 321, 382, B2, 2.0035199V , 1
 1962, UE1_79_35,    0.638V ,    0.638V ,  90.0,  68.0, 2, U, 321, 38, B2, 1.9831945V , 1
 1967, UE1_84_35/,    0.880V ,    0.880V ,  47.0,  77.0, 2, U, 321, 303, B2, 2.2227943V , 1
 1968, UE1_85_35/,    0.745V ,    0.745V ,  74.0,  73.0, 2, U, 321, 475, B2, 2.0907992V , 1
 1969, UE1_86_35/,    0.749V ,    0.749V ,  73.0,  73.0, 2, U, 321, 466, B2, 2.0912775V , 1
 1970, UE1_87_35/,    0.867V ,    0.867V ,  49.0,  76.0, 2, U, 321, 315, B2, 2.2128309V , 1
 1971, UE1_88_35,    0.657V ,    0.657V ,  90.0,  69.0, 2, U, 321, 377, B2, 2.0027228V , 1
 1972, UE1_89_35,    0.662V ,    0.662V ,  90.0,  69.0, 2, U, 321, 378, B2, 2.0079835V , 1
 1973, UE1_92_35,    0.880V ,    0.880V ,  47.0,  77.0, 2, U, 321, 301, B2, 2.2227943V , 1
 1974, UE1_94_35/,    0.867V ,    0.867V ,  49.0,  76.0, 2, U, 321, 306, B2, 2.2129107V , 1
 1975, UE1_95_35/,    0.746V ,    0.746V ,  74.0,  73.0, 2, U, 321, 449, B2, 2.0907195V , 1
 1976, UE1_97_35/,    0.747V ,    0.747V ,  74.0,  73.0, 2, U, 321, 464, B2, 2.0907992V , 1
 1977, UE1_98_35/,    0.749V ,    0.749V ,  73.0,  73.0, 2, U, 321, 471, B2, 2.0911978V , 1
 1978, UE1_100_35/,    0.778V ,    0.778V ,  60.0,  75.0, 2, U, 321, 460, B2, 2.1202909V , 1
 1979, UE1_101_35/,    0.772V ,    0.772V ,  74.0,  73.0, 2, U, 321, 460, B2, 2.1159070V , 1
 1980, UE1_102_35/,    0.747V ,    0.747V ,  73.0,  73.0, 2, U, 321, 460, B2, 2.0913572V , 1
 1981, UE1_103_35/,    0.820V ,    0.820V ,  58.0,  75.0, 2, U, 321, 97, B2, 2.1642893V , 1
 1982, UE1_104_35/,    0.820V ,    0.820V ,  58.0,  75.0, 2, U, 321, 706, B2, 2.1646081V , 1
 1983, UE1_105_35,    0.756V ,    0.756V ,  71.0,  73.0, 2, U, 321, 634, B2, 2.1005235V , 1
 1985, UE1_108_35,    0.817V ,    0.817V ,  59.0,  75.0, 2, U, 321, 29, B2, 2.1591880V , 1
 1987, UE1_110_35/,    0.748V ,    0.748V ,  73.0,  73.0, 2, U, 321, 463, B2, 2.0908789V , 1
 1989, UE1_112_35/,    0.748V ,    0.748V ,  73.0,  73.0, 2, U, 321, 451, B2, 2.0907992V , 1
 1990, UE1_113_35,    0.749V ,    0.749V ,  73.0,  73.0, 2, U, 321, 155, B2, 2.0908789V , 1
 1991, UE1_114_35,    0.746V ,    0.746V ,  74.0,  73.0, 2, U, 321, 617, B2, 2.0911978V , 1
 1992, UE1_115_35/,    0.747V ,    0.747V ,  74.0,  73.0, 2, U, 321, 456, B2, 2.0912775V , 1
 1993, UE1_117_35,    0.755V ,    0.755V ,  72.0,  73.0, 2, U, 321, 143, B2, 2.1006829V , 1
 1994, UE1_118_35,    0.817V ,    0.817V ,  59.0,  75.0, 2, U, 321, 496, B2, 2.1594271V , 1
 1996, UE1_121_35,    0.817V ,    0.817V ,  59.0,  75.0, 2, U, 321, 323, B2, 2.1592677V , 1
 1997, UE1_122_35/,    0.860V ,    0.860V ,  51.0,  76.0, 2, U, 321, 317, B2, 2.2033458V , 1
 1999, UE1_124_35/,    0.748V ,    0.748V ,  73.0,  73.0, 2, U, 321, 458, B2, 2.0910384V , 1
 2000, UE1_125_35/,    0.748V ,    0.748V ,  73.0,  73.0, 2, U, 321, 458, B2, 2.0911181V , 1
 2001, UE1_126_35/,    0.748V ,    0.748V ,  73.0,  73.0, 2, U, 321, 458, B2, 2.0909587V , 1
 2002, UE1_127_35/,    0.751V ,    0.751V ,  73.0,  73.0, 2, U, 321, 465, B2, 2.0960599V , 1
 2042, PU1000_1_53,    0.635V ,    0.635V ,  90.0,  68.0, 2, U, 321, 171, B2, 1.9788903V , 1
 2043, PU1000_3_53,    0.635V ,    0.635V ,  90.0,  68.0, 2, U, 321, 169, B2, 1.9784918V , 1
 2044, PU1000_5_53,    0.675V ,    0.675V ,  90.0,  70.0, 2, U, 321, 167, B2, 2.0174686V , 1
 2045, PU1000_8_53,    0.676V ,    0.676V ,  90.0,  70.0, 2, U, 321, 166, B2, 2.0176280V , 1
 2046, PU1000_9_53,    0.605V ,    0.605V ,  90.0,  66.0, 2, U, 321, 654, B2, 1.9499566V , 1
 2049, PU1000_13_53,    0.690V ,    0.690V ,  88.0,  71.0, 2, U, 321, 164, B2, 2.0325333V , 1
 2050, PU1000_14_53,    0.859V ,    0.859V ,  51.0,  76.0, 2, U, 321, 311, B2, 2.2031864V , 1
 2051, PU1000_18_53/,    0.545V ,    0.545V ,  90.0,  63.0, 2, U, 321, 156, B2, 1.8909733V , 1
 2054, PU1000_22_53,    0.692V ,    0.692V ,  87.0,  71.0, 2, U, 321, 159, B2, 2.0374751V , 1
 2055, PU1000_23_53,    0.695V ,    0.695V ,  87.0,  71.0, 2, U, 321, 645, B2, 2.0375548V , 1
 2056, PU1000_24_53,    0.692V ,    0.692V ,  87.0,  71.0, 2, U, 321, 162, B2, 2.0369969V , 1
 2057, PU1000_25_53,    0.694V ,    0.694V ,  87.0,  71.0, 2, U, 321, 160, B2, 2.0377143V , 1
 2058, PU1000_26_53,    0.691V ,    0.691V ,  88.0,  71.0, 2, U, 321, 158, B2, 2.0324536V , 1
 2059, PU1000_27_53,    0.692V ,    0.692V ,  87.0,  71.0, 2, U, 321, 163, B2, 2.0375548V , 1
 2060, PU1000_29_53,    0.692V ,    0.692V ,  87.0,  71.0, 2, U, 321, 165, B2, 2.0372360V , 1
 2061, PU1000_32_53,    0.686V ,    0.686V ,  89.0,  70.0, 2, U, 321, 708, B2, 2.0279103V , 1
 2062, PU1000_33_53,    0.690V ,    0.690V ,  88.0,  71.0, 2, U, 321, 101, B2, 2.0329318V , 1
 2063, PU1000_35_53,    0.637V ,    0.637V ,  90.0,  68.0, 2, U, 321, 101, B2, 1.9792889V , 1
 2064, PU1000_38_53,    0.679V ,    0.679V ,  90.0,  70.0, 2, U, 321, 172, B2, 2.0228090V , 1
 2065, PU1000_41_53,    0.623V ,    0.623V ,  90.0,  67.0, 2, U, 321, 130, B2, 1.9694849V , 1
 2069, PU1000_46_53,    0.644V ,    0.644V ,  90.0,  68.0, 2, U, 321, 181, B2, 1.9892523V , 1
 2070, PU1000_48_53,    0.691V ,    0.691V ,  88.0,  71.0, 2, U, 321, 175, B2, 2.0326130V , 1
 2071, PU1000_51_53,    0.657V ,    0.657V ,  90.0,  69.0, 2, U, 321, 154, B2, 2.0028025V , 1
 2086, PU1600_3_41,    0.492V ,    0.492V ,  90.0,  59.0, 2, U, 321, 39, B2, 1.8372507V , 1
 2087, PU1600_5_41,    0.696V ,    0.696V ,  86.0,  71.0, 2, U, 321, 41, B2, 2.0422576V , 1
 2089, PU1600_17_41,    0.622V ,    0.622V ,  90.0,  67.0, 2, U, 321, 349, B2, 1.9638257V , 1
 2090, PU1600_20_41,    0.696V ,    0.696V ,  86.0,  71.0, 2, U, 321, 748, B2, 2.0423373V , 1
 2091, PU1600_21_41,    0.678V ,    0.678V ,  90.0,  70.0, 2, U, 321, 120, B2, 2.0224902V , 1
 2099, UA1_14_49,    0.697V ,    0.697V ,  86.0,  71.0, 2, U, 321, 226, B2, 2.0419387V , 1
 2102, UA1_17_49,    0.665V ,    0.665V ,  90.0,  69.0, 2, U, 321, 238, B2, 2.0079835V , 1
 2104, UA1_33_49,    0.681V ,    0.681V ,  90.0,  70.0, 2, U, 321, 238, B2, 2.0228090V , 1
 2105, UA1_34_49,    0.701V ,    0.701V ,  85.0,  71.0, 2, U, 321, 606, B2, 2.0473588V , 1
 2106, UA1_35_49,    0.701V ,    0.701V ,  85.0,  71.0, 2, U, 321, 608, B2, 2.0467212V , 1
 2108, UA1_42_49,    0.627V ,    0.627V ,  90.0,  68.0, 2, U, 321, 602, B2, 1.9686081V , 1
 2109, UA1_43_49/,    0.627V ,    0.627V ,  90.0,  68.0, 2, U, 321, 596, B2, 1.9692458V , 1
 2110, UA1_48_49,    0.701V ,    0.701V ,  85.0,  71.0, 2, U, 321, 596, B2, 2.0470400V , 1
 2122, PU5301_3_13,    0.712V ,    0.712V ,  82.0,  71.0, 2, U, 321, 92, B2, 2.0570034V , 1
 2124, PU5301_9_13,    0.609V ,    0.609V ,  90.0,  67.0, 2, U, 321, 644, B2, 1.9543405V , 1
 2132, JIO1_13_18,    0.730V ,    0.725V ,  79.0,  72.0, 2, U, 321, 353, A1, 2.0664088V , 1
 2133, JIO1_15_18,    0.815V ,    0.815V ,  59.0,  75.0, 2, U, 321, 357, A1, 2.1591880V , 1
 2134, JIO1_17_18,    0.851V ,    0.851V ,  52.0,  76.0, 2, U, 321, 373, A1, 2.1935418V , 1
 2135, JIO1_22_18,    0.447V ,    0.447V ,  90.0,  55.0, 2, U, 321, 290, A1, 1.7940494V , 1
 2136, JIO1_26_18,    0.486V ,    0.486V ,  90.0,  58.0, 2, U, 321, 287, A1, 1.8324682V , 1
 2137, JIO1_29_18,    0.855V ,    0.855V ,  51.0,  76.0, 2, U, 321, 202, A1, 2.1981648V , 1
 2138, JIO1_31_18,    0.488V ,    0.488V ,  90.0,  58.0, 2, U, 321, 288, A1, 1.8328668V , 1
 2139, JIO1_34_18,    0.448V ,    0.448V ,  90.0,  55.0, 2, U, 321, 289, A1, 1.7934117V , 1
 2146, JEDP1_14_11,    0.867V ,    0.867V ,  49.0,  76.0, 2, U, 321, 60, A1, 2.2134686V , 1
 2147, JEDP1_16_11,    0.896V ,    0.896V ,  45.0,  77.0, 2, U, 321, 14, A1, 2.2370619V , 1
 2148, JEDP1_17_11,    0.893V ,    0.893V ,  45.0,  77.0, 2, U, 321, 225, A1, 2.2374605V , 1
 2161, JEDP1_37_11,    0.858V ,    0.858V ,  51.0,  76.0, 2, U, 321, 375, A1, 2.2037443V , 1
 2181, JSSD1_1_3,    0.860V ,    0.860V ,  51.0,  76.0, 2, U, 321, 207, A1, 2.2027081V , 1
 2183, JSSD1_7_3,    0.457V ,    0.457V ,  90.0,  56.0, 2, U, 321, 168, A1, 1.8028969V , 1
 2187, JSSD1_52_3,    0.859V ,    0.859V ,  51.0,  76.0, 2, U, 321, 246, A1, 2.2035849V , 1
 2188, JSSD1_53_3,    0.445V ,    0.445V ,  90.0,  55.0, 2, U, 321, 199, A1, 1.7886293V , 1
 2197, JSSD2_5_1,    0.471V ,    0.471V ,  90.0,  57.0, 2, U, 321, 126, A1, 1.8130994V , 1
 2200, JSSD2_17_1,    0.453V ,    0.453V ,  90.0,  55.0, 2, U, 321, 127, A1, 1.7984333V , 1
 2201, JSSD2_19_1,    0.452V ,    0.452V ,  90.0,  55.0, 2, U, 321, 756, A1, 1.7982739V , 1
 2202, JSSD2_43_1,    0.454V ,    0.454V ,  90.0,  55.0, 2, U, 321, 48, A1, 1.7984333V , 1
 2203, JSSD2_52_1,    0.854V ,    0.854V ,  52.0,  76.0, 2, U, 321, 505, A1, 2.1988025V , 1
 2204, JSSD2_55_1,    0.448V ,    0.448V ,  90.0,  55.0, 2, U, 321, 128, A1, 1.7934914V , 1
 2213, JWLAN1_5_1,    0.857V ,    0.857V ,  51.0,  76.0, 2, U, 321, 585, A1, 2.1981648V , 1
 2215, JWLAN1_9_1,    0.480V ,    0.480V ,  90.0,  58.0, 2, U, 321, 95, A1, 1.8224251V , 1
 2217, JWLAN1_11_1,    0.474V ,    0.474V ,  90.0,  57.0, 2, U, 321, 517, A1, 1.8179615V , 1
 2220, JWLAN1_15_1,    0.471V ,    0.471V ,  90.0,  57.0, 2, U, 321, 383, A1, 1.8127009V , 1
 2229, JWLAN1_41_1,    0.482V ,    0.482V ,  90.0,  58.0, 2, U, 321, 196, A1, 1.8277655V , 1
 2231, JWLAN1_49_1,    0.447V ,    0.447V ,  90.0,  55.0, 2, U, 321, 98, A1, 1.7930929V , 1
 2234, JWLAN1_54_1,    0.915V ,    0.915V ,  42.0,  78.0, 2, U, 321, 705, A1, 2.2569090V , 1
 2236, JWLAN1_56_1,    0.862V ,    0.862V ,  50.0,  76.0, 2, U, 321, 709, A1, 2.2078891V , 1
 2241, JWLAN1_67_1,    0.476V ,    0.476V ,  90.0,  57.0, 2, U, 321, 102, A1, 1.8175630V , 1
 2242, JWLAN1_71_1,    0.481V ,    0.481V ,  90.0,  58.0, 2, U, 321, 102, A1, 1.8231425V , 1
 2262, JKB1_2_36,    0.848V ,    0.848V ,  53.0,  76.0, 2, U, 321, 461, A1, 2.1931433V , 1
 2264, JKB1_33_36,    0.859V ,    0.859V ,  51.0,  76.0, 2, U, 321, 487, A1, 2.2039834V , 1
 2266, JKB1_35_36,    0.820V ,    0.820V ,  58.0,  75.0, 2, U, 321, 452, A1, 2.1642893V , 1
 2272, JKBBL1_1_5,    0.533V ,    0.533V ,  90.0,  62.0, 2, U, 321, 493, A1, 1.8761478V , 1
 2273, JKBBL1_2_5,    0.818V ,    0.818V ,  58.0,  75.0, 2, U, 321, 362, A1, 2.1646081V , 1
 2276, JTP1_1_5,    0.905V ,    0.905V ,  43.0,  77.0, 2, U, 321, 499, A1, 2.2471050V , 1
 2277, JTP1_2_5,    0.897V ,    0.897V ,  45.0,  77.0, 2, U, 321, 502, A1, 2.2422429V , 1
 2284, JDDR1_7_9,    0.743V ,    0.743V ,  74.0,  73.0, 2, U, 321, 350, A1, 2.0864951V , 1
 2285, JDDR1_8_9,    0.560V ,    0.560V ,  90.0,  64.0, 2, U, 321, 279, A1, 1.9054800V , 1

Open < 321> < 119  321  605  623  658  727  729  743 > -> <321>-GND Parts:JDDR1.264; <119>-VCCIN_AUX_VSSSENSE_CPU Parts:RSHORT47
