1,2,IPS3_15ARP10_4511UV1220D,6783000S4N,20260710,120759,F,0,2,,PFFPPPPPPPNN,1,F,3,20260710,120748,0,,,0,0,11.12 sec


Open < 308> <   1   22   24   82  308  310 > -> <308>-GNDA Parts:UA1.37; <1>-GND Parts:UV150.2
Open < 394> <  43  394  573 > -> <394>-CPU_CARD_WAKE_N Parts:RC178; <43>-PCIE_WAKE_N Parts:RI807
Open < 573> <  43  394  573 > -> <573>-CPU_AGPIO7 Parts:UC1.473; <43>-PCIE_WAKE_N Parts:RI807
Open < 385> < 147  385 > -> <385>-REMOTE1- Parts:US200.3; <147>-REMOTE2- Parts:US200.5
Open < 464> < 393  464 > -> <464>-CHARGE_VCC Parts:PU5301.28; <393>-CHARGE_VCC_R Parts:PR5306

Short <   3    4  263  457  461  506  507  510  527  589  595  600  624 >-5VALW_P -> Parts:PU5600.8 < 257 >-+VCON_IN_R -> Parts:UU1.11 <  11   40  179  593  594  642  673 >-+3P3VS -> Parts:JC2 < 409 >-+3P3VS_THU1 -> Parts:US200.1
Short <  60>-KB_FN_KEY_EC -> Parts:JKB1.34 < 444 >-KB_FN_KEY_EC_R -> Parts:UE1.79 <  65   85  525 >-+3P3VL_EC_R -> Parts:UE1.49 < 424 >-+3P3VLP -> Parts:PU5900.13 <  74  503 >-EC_RSMRST_N -> Parts:UE1.37 < 572 >-CPU_RSMRST_N -> Parts:UC1.634 <  80  170 >-EC_ENBKL_R -> Parts:UE1.53 < 545 >-EDP_BL_ENABLE_CPU -> Parts:UC1.840 <  86  512 >-SMB_0_CLK_EC -> Parts:UE1.10 < 410 >-SEN_SMB_CK0_R -> Parts:US200.10
Short < 131>-+3P3VALW_CPU -> Parts:UC21.5 < 571 >-+3P3VALW_CPU_R -> Parts:QR3/NP
Short < 151>-I2C_1_SCL_TP -> Parts:RC24 < 558 >-I2C_1_SCL_CPU -> Parts:UC1.606
Short < 255>-VBCAP -> Parts:UU1.17 < 258 >-VBCAP_R -> Parts:RU12
Short < 320>-USB2_0_USBC_N -> Parts:LU901/1_4 < 322 >-USB2_0_CPU_N -> Parts:UC1.570
Short < 404>-CARD_RST_N -> Parts:RI811 <3236 3298 >-PLT_RST_N -> Parts:UN1.1
Short < 441>-ESPI_CS0_N_CPU_EC -> Parts:RC982 <3204 >-ESPI_CS0_N_CPU -> Parts:UC1.456
Short < 501>-CAPS_LED_N -> Parts:RC958 < 574 >-CAPS_LED_CPU_N -> Parts:UC1.388
Short < 559>-CPU_THERMTRIP_N -> Parts:UC1.640 < 564 >-EC_THERMTRIP_N -> Parts:RC31
Short < 566>-PM_SLP_S3_N -> Parts:UE1.116 < 568 >-CPU_PM_SLP_S3_N -> Parts:UC1.601
